INSERT INTO PUBLIC.GL_LUGAR(ID, NOMBRE, TIPO, LUGAR_ID) VALUES
(1,'Venezuela','PAI',NULL),
(2,'Amazonas','EST',1),
(3,'Anzoátegui','EST',1),
(4,'Apure','EST',1),
(5,'Aragua','EST',1),
(6,'Barinas','EST',1),
(7,'Bolívar','EST',1),
(8,'Carabobo','EST',1),
(9,'Cojedes','EST',1),
(10,'Distrito Capital','EST',1),
(11,'Delta Amacuro','EST',1),
(12,'Falcón','EST',1),
(13,'Guárico','EST',1),
(14,'La Guaira','EST',1),
(15,'Lara','EST',1),
(16,'Mérida','EST',1),
(17,'Miranda','EST',1),
(18,'Monagas','EST',1),
(19,'Nueva Esparta','EST',1),
(20,'Portuguesa','EST',1),
(21,'Sucre','EST',1),
(22,'Táchira','EST',1),
(23,'Trujillo','EST',1),
(24,'Yaracuy','EST',1),
(25,'Zulia','EST',1),
(26,'Atures','MUN',2),
(27,'Alto Orinoco','MUN',2),
(28,'Atabapo','MUN',2),
(29,'Autana','MUN',2),
(30,'Manapiare','MUN',2),
(31,'Río Negro','MUN',2),
(32,'Maroa','MUN',2),
(33,'Anaco','MUN',3),
(34,'Aragua','MUN',3),
(35,'Bolívar','MUN',3),
(36,'Bruzual','MUN',3),
(37,'Carvajal','MUN',3),
(38,'Cajigal','MUN',3),
(39,'Diego Bautista Urbaneja','MUN',3),
(40,'Freites','MUN',3),
(41,'Guanta','MUN',3),
(42,'Guanipa','MUN',3),
(43,'Independencia','MUN',3),
(44,'Libertad','MUN',3),
(45,'McGregor','MUN',3),
(46,'Miranda','MUN',3),
(47,'Monagas','MUN',3),
(48,'Peñalver','MUN',3),
(49,'Píritu','MUN',3),
(50,'San Juan de Capistrano','MUN',3),
(51,'Santa Ana','MUN',3),
(52,'Simón Rodríguez','MUN',3),
(53,'Sotillo','MUN',3),
(54,'Achaguas','MUN',4),
(55,'Biruaca','MUN',4),
(56,'Camejo','MUN',4),
(57,'Muñoz','MUN',4),
(58,'Páez','MUN',4),
(59,'Rómulo Gallegos','MUN',4),
(60,'San Fernando','MUN',4),
(61,'Bolívar','MUN',5),
(62,'Camatagua','MUN',5),
(63,'Francisco Linares Alcántara','MUN',5),
(64,'Girardot','MUN',5),
(65,'José Ángel Lamas','MUN',5),
(66,'José Félix Ribas','MUN',5),
(67,'José Rafael Revenga','MUN',5),
(68,'Libertador','MUN',5),
(69,'Mario Briceño Iragorry','MUN',5),
(70,'Ocumare de la Costa de Oro','MUN',5),
(71,'San Casimiro','MUN',5),
(72,'San Sebastián','MUN',5),
(73,'Santiago Mariño','MUN',5),
(74,'Santos Michelena','MUN',5),
(75,'Sucre','MUN',5),
(76,'Tovar','MUN',5),
(77,'Urdaneta','MUN',5),
(78,'Zamora','MUN',5),
(79,'Arismendi','MUN',6),
(80,'Barinas','MUN',6),
(81,'Bolívar','MUN',6),
(82,'Cruz Paredes','MUN',6),
(83,'Obispos','MUN',6),
(84,'Pedraza','MUN',6),
(85,'Rojas','MUN',6),
(86,'Sosa','MUN',6),
(87,'Angostura','MUN',7),
(88,'Caroní','MUN',7),
(89,'Cedeño','MUN',7),
(90,'Chien','MUN',7),
(91,'El Callao','MUN',7),
(92,'Gran Sabana','MUN',7),
(93,'Angostura del Orinoco','MUN',7),
(94,'Piar','MUN',7),
(95,'Roscio','MUN',7),
(96,'Sifontes','MUN',7),
(97,'Sucre','MUN',7),
(98,'Bejuma','MUN',8),
(99,'Carlos Arvelo','MUN',8),
(100,'Diego Ibarra','MUN',8),
(101,'Guacara','MUN',8),
(102,'Juan José Mora','MUN',8),
(103,'Libertador','MUN',8),
(104,'Los Guayos','MUN',8),
(105,'Miranda','MUN',8),
(106,'Montalbán','MUN',8),
(107,'Naguanagua','MUN',8),
(108,'Puerto Cabello','MUN',8),
(109,'San Diego','MUN',8),
(110,'San Joaquín','MUN',8),
(111,'Valencia','MUN',8),
(112,'Anzoátegui','MUN',9),
(113,'Pao de San Juan Bautista','MUN',9),
(114,'Tinaquillo','MUN',9),
(115,'Girardot','MUN',9),
(116,'Lima Blanco','MUN',9),
(117,'Ricaurte','MUN',9),
(118,'Rómulo Gallegos','MUN',9),
(119,'San Carlos','MUN',9),
(120,'Tinaco','MUN',9),
(121,'Libertador','MUN',10),
(122,'Antonio Díaz','MUN',11),
(123,'Casacoima','MUN',11),
(124,'Pedernales','MUN',11),
(125,'Tucupita','MUN',11),
(126,'Acosta','MUN',12),
(127,'Bolívar','MUN',12),
(128,'Buchivacoa','MUN',12),
(129,'Carirubana','MUN',12),
(130,'Colina','MUN',12),
(131,'Dabajuro','MUN',12),
(132,'Democracia','MUN',12),
(133,'Falcón','MUN',12),
(134,'Federación','MUN',12),
(135,'Iturriza','MUN',12),
(136,'Jacura','MUN',12),
(137,'Los Taques','MUN',12),
(138,'Mauroa','MUN',12),
(139,'Manaure','MUN',12),
(140,'Miranda','MUN',12),
(141,'Palmasola','MUN',12),
(142,'Petit','MUN',12),
(143,'Píritu','MUN',12),
(144,'San Francisco','MUN',12),
(145,'Silva','MUN',12),
(146,'Sucre','MUN',12),
(147,'Tocópero','MUN',12),
(148,'Unión','MUN',12),
(149,'Urumaco','MUN',12),
(150,'Zamora','MUN',12),
(151,'Chaguaramas','MUN',13),
(152,'Camaguán','MUN',13),
(153,'El Socorro','MUN',13),
(154,'Francisco de Miranda','MUN',13),
(155,'Leonardo Infante','MUN',13),
(156,'Juan José Rondón','MUN',13),
(157,'José Félix Ribas','MUN',13),
(158,'José Tadeo Monagas','MUN',13),
(159,'Juan Germán Roscio','MUN',13),
(160,'Julián Mellado','MUN',13),
(161,'Ortiz','MUN',13),
(162,'San Gerónimo de Guayabal','MUN',13),
(163,'San José de Guaribe','MUN',13),
(164,'Santa María de Ipire','MUN',13),
(165,'Zaraza','MUN',13),
(166,'Vargas','MUN',14),
(167,'Andrés Eloy Blanco','MUN',15),
(168,'Crespo','MUN',15),
(169,'Iribarren','MUN',15),
(170,'Jiménez','MUN',15),
(171,'Morán','MUN',15),
(172,'Palavecino','MUN',15),
(173,'Simón Planas','MUN',15),
(174,'Torres','MUN',15),
(175,'Urdaneta','MUN',15),
(176,'Campo Elías','MUN',16),
(177,'Libertador','MUN',16),
(178,'Santos Marquina','MUN',16),
(179,'Sucre','MUN',16),
(180,'Cardenal Quintero','MUN',16),
(181,'Miranda','MUN',16),
(182,'Pueblo Llano','MUN',16),
(183,'Rangel','MUN',16),
(184,'Alberto Adriani','MUN',16),
(185,'Obispo Ramos de Lora','MUN',16),
(186,'Tulio Febres Cordero','MUN',16),
(187,'Andrés Bello','MUN',16),
(188,'Caracciolo Parra Olmedo','MUN',16),
(189,'Julio César Salas','MUN',16),
(190,'Justo Briceño','MUN',16),
(191,'Antonio Pinto Salinas','MUN',16),
(192,'Rivas Dávila','MUN',16),
(193,'Guaraque','MUN',16),
(194,'Tovar','MUN',16),
(195,'Zea','MUN',16),
(196,'Aricagua','MUN',16),
(197,'Arzobispo Chacón','MUN',16),
(198,'Padre Noguera','MUN',16),
(199,'Acevedo','MUN',17),
(200,'Andrés Bello','MUN',17),
(201,'Baruta','MUN',17),
(202,'Brión','MUN',17),
(203,'Buroz','MUN',17),
(204,'Carrizal','MUN',17),
(205,'Chacao','MUN',17),
(206,'Cristóbal Rojas','MUN',17),
(207,'El Hatillo','MUN',17),
(208,'Guaicaipuro','MUN',17),
(209,'Gual','MUN',17),
(210,'Independencia','MUN',17),
(211,'Lander','MUN',17),
(212,'Los Salias','MUN',17),
(213,'Páez','MUN',17),
(214,'Paz Castillo','MUN',17),
(215,'Plaza','MUN',17),
(216,'Simón Bolívar','MUN',17),
(217,'Sucre','MUN',17),
(218,'Urdaneta','MUN',17),
(219,'Zamora','MUN',17),
(220,'Acosta','MUN',18),
(221,'Aguasay','MUN',18),
(222,'Bolívar','MUN',18),
(223,'Caripe','MUN',18),
(224,'Cedeño','MUN',18),
(225,'Libertador','MUN',18),
(226,'Maturín','MUN',18),
(227,'Piar','MUN',18),
(228,'Punceres','MUN',18),
(229,'Santa Bárbara','MUN',18),
(230,'Sotillo','MUN',18),
(231,'Uracoa','MUN',18),
(232,'Zamora','MUN',18),
(233,'Antolín del Campo','MUN',19),
(234,'Arismendi','MUN',19),
(235,'Antonio Díaz','MUN',19),
(236,'García','MUN',19),
(237,'Gómez','MUN',19),
(238,'Maneiro','MUN',19),
(239,'Marcano','MUN',19),
(240,'Mariño','MUN',19),
(241,'Macanao','MUN',19),
(242,'Tubores','MUN',19),
(243,'Villalba','MUN',19),
(244,'Agua Blanca','MUN',20),
(245,'Araure','MUN',20),
(246,'Esteller','MUN',20),
(247,'Guanare','MUN',20),
(248,'Guanarito','MUN',20),
(249,'José Vicente de Unda','MUN',20),
(250,'Ospino','MUN',20),
(251,'Páez','MUN',20),
(252,'Papelón','MUN',20),
(253,'San Genaro de Boconoíto','MUN',20),
(254,'San Rafael de Onoto','MUN',20),
(255,'Santa Rosalía','MUN',20),
(256,'Sucre','MUN',20),
(257,'Turén','MUN',20),
(258,'Andrés Eloy Blanco','MUN',21),
(259,'Andrés Mata','MUN',21),
(260,'Arismendi','MUN',21),
(261,'Benítez','MUN',21),
(262,'Bermúdez','MUN',21),
(263,'Bolívar','MUN',21),
(264,'Cajigal','MUN',21),
(265,'Cruz Salmerón Acosta','MUN',21),
(266,'Libertador','MUN',21),
(267,'Mariño','MUN',21),
(268,'Mejía','MUN',21),
(269,'Montes','MUN',21),
(270,'Ribero','MUN',21),
(271,'Sucre','MUN',21),
(272,'Valdez','MUN',21),
(273,'Andrés Bello','MUN',22),
(274,'Antonio Rómulo Costa','MUN',22),
(275,'Ayacucho','MUN',22),
(276,'Bolívar','MUN',22),
(277,'Cárdenas','MUN',22),
(278,'Córdoba','MUN',22),
(279,'Fernández Feo','MUN',22),
(280,'Francisco de Miranda','MUN',22),
(281,'García de Hevia','MUN',22),
(282,'Guásimos','MUN',22),
(283,'Independencia','MUN',22),
(284,'Jáuregui','MUN',22),
(285,'José María Vargas','MUN',22),
(286,'Junín','MUN',22),
(287,'Libertad','MUN',22),
(288,'Libertador','MUN',22),
(289,'Lobatera','MUN',22),
(290,'Michelena','MUN',22),
(291,'Panamericano','MUN',22),
(292,'Pedro María Ureña','MUN',22),
(293,'Rafael Urdaneta','MUN',22),
(294,'Samuel Dario Maldonado','MUN',22),
(295,'San Cristóbal','MUN',22),
(296,'San Judas Tadeo','MUN',22),
(297,'Seboruco','MUN',22),
(298,'Simón Rodríguez','MUN',22),
(299,'Sucre','MUN',22),
(300,'Torbes','MUN',22),
(301,'Uribante','MUN',22),
(302,'Andrés Bello','MUN',23),
(303,'Boconó','MUN',23),
(304,'Bolívar','MUN',23),
(305,'Campos Elías','MUN',23),
(306,'Candelaria','MUN',23),
(307,'Carache','MUN',23),
(308,'Carvajal','MUN',23),
(309,'Escuque','MUN',23),
(310,'La Ceiba','MUN',23),
(311,'Márquez Cañizales','MUN',23),
(312,'Miranda','MUN',23),
(313,'Monte Carmelo','MUN',23),
(314,'Motatán','MUN',23),
(315,'Pampán','MUN',23),
(316,'Pampanito','MUN',23),
(317,'Rangel','MUN',23),
(318,'Sucre','MUN',23),
(319,'Trujillo','MUN',23),
(320,'Urdaneta','MUN',23),
(321,'Valera','MUN',23),
(322,'Bastidas','MUN',24),
(323,'Bolívar','MUN',24),
(324,'Bruzual','MUN',24),
(325,'Cocorote','MUN',24),
(326,'Independencia','MUN',24),
(327,'La Trinidad','MUN',24),
(328,'Monge','MUN',24),
(329,'Nirgua','MUN',24),
(330,'Páez','MUN',24),
(331,'Peña','MUN',24),
(332,'San Felipe','MUN',24),
(333,'Sucre','MUN',24),
(334,'Urachiche','MUN',24),
(335,'Veroes','MUN',24),
(336,'Almirante Padilla','MUN',25),
(337,'Baralt','MUN',25),
(338,'Cabimas','MUN',25),
(339,'Catatumbo','MUN',25),
(340,'Colón','MUN',25),
(341,'Francisco Javier Pulgar','MUN',25),
(342,'Guajira','MUN',25),
(343,'Jesús Enrique Lossada','MUN',25),
(344,'Jesús María Semprúm','MUN',25),
(345,'La Cañada de Urdaneta','MUN',25),
(346,'Lagunillas','MUN',25),
(347,'Machiques de Perijá','MUN',25),
(348,'Mara','MUN',25),
(349,'Maracaibo','MUN',25),
(350,'Miranda','MUN',25),
(351,'Rosario de Perijá','MUN',25),
(352,'San Francisco','MUN',25),
(353,'Santa Rita','MUN',25),
(354,'Simón Bolívar','MUN',25),
(355,'Sucre','MUN',25),
(356,'Valmore Rodríguez','MUN',25),
(357,'Fernando Girón Tovar','PAR',26),
(358,'Luis Alberto Gómez','PAR',26),
(359,'Pahueña','PAR',26),
(360,'Platanillal','PAR',26),
(361,'La Esmeralda','PAR',27),
(362,'Huachamacare','PAR',27),
(363,'Marawaka','PAR',27),
(364,'Mavaka','PAR',27),
(365,'Sierra Parima','PAR',27),
(366,'Atabapo','PAR',28),
(367,'Ucata','PAR',28),
(368,'Yapacana','PAR',28),
(369,'Caname','PAR',28),
(370,'Samariapo','PAR',29),
(371,'Sipapo','PAR',29),
(372,'Munduapo','PAR',29),
(373,'Guayapo','PAR',29),
(374,'Isla Ratón','PAR',29),
(375,'Alto Ventuari','PAR',30),
(376,'Medio Ventuari','PAR',30),
(377,'Bajo Ventuari','PAR',30),
(378,'Manapiare','PAR',30),
(379,'Casiquiare','PAR',31),
(380,'Cocuy','PAR',31),
(381,'San Carlos de Río Negro','PAR',31),
(382,'Solano','PAR',31),
(383,'Maroa','PAR',32),
(384,'Victorino','PAR',32),
(385,'Comunidad','PAR',32),
(386,'Anaco','PAR',33),
(387,'Buena Vista','PAR',33),
(388,'San Joaquín','PAR',33),
(389,'Cachipo','PAR',34),
(390,'Aragua','PAR',34),
(391,'Bergantín','PAR',35),
(392,'Caigua','PAR',35),
(393,'El Carmen','PAR',35),
(394,'El Pilar','PAR',35),
(395,'Naricual','PAR',35),
(396,'San Cristóbal','PAR',35),
(397,'Clarines','PAR',36),
(398,'Guanape','PAR',36),
(399,'Sabana de Uchire','PAR',36),
(400,'Valle de Guanape','PAR',37),
(401,'Santa Bárbara','PAR',37),
(402,'Onoto','PAR',38),
(403,'San Pablo','PAR',38),
(404,'Lechería','PAR',39),
(405,'El Morro','PAR',39),
(406,'Cantaura','PAR',40),
(407,'Libertador','PAR',40),
(408,'Santa Rosa y Úrica','PAR',40),
(409,'Guanta','PAR',41),
(410,'Chorreón','PAR',41),
(411,'San José de Guanipa','PAR',42),
(412,'Mamo','PAR',43),
(413,'Soledad','PAR',43),
(414,'San Mateo','PAR',44),
(415,'El Carito','PAR',44),
(416,'Santa Inés','PAR',44),
(417,'La Romereña','PAR',44),
(418,'El Chaparro','PAR',45),
(419,'Tomás Alfaro Calatrava','PAR',45),
(420,'Atapirire','PAR',46),
(421,'Boca del Pao','PAR',46),
(422,'El Pao','PAR',46),
(423,'Pariaguán','PAR',46),
(424,'Mapire','PAR',47),
(425,'Piar','PAR',47),
(426,'San Diego de Cabrutica','PAR',47),
(427,'Santa Clara','PAR',47),
(428,'Uverito','PAR',47),
(429,'Zuata','PAR',47),
(430,'Puerto Píritu','PAR',48),
(431,'San Miguel','PAR',48),
(432,'Sucre','PAR',48),
(433,'Píritu','PAR',49),
(434,'San Francisco','PAR',49),
(435,'Boca de Uchire','PAR',50),
(436,'Boca de Chávez','PAR',50),
(437,'Santa Ana','PAR',51),
(438,'Pueblo Nuevo','PAR',51),
(439,'Edmundo Barrios','PAR',52),
(440,'Miguel Otero Silva','PAR',52),
(441,'Puerto La Cruz','PAR',53),
(442,'Pozuelos','PAR',53),
(443,'Achaguas','PAR',54),
(444,'Apurito','PAR',54),
(445,'El Yagual','PAR',54),
(446,'Guachara','PAR',54),
(447,'Mucuritas','PAR',54),
(448,'Queseras del Medio','PAR',54),
(449,'Biruaca','PAR',55),
(450,'Codazzi','PAR',56),
(451,'Cunaviche','PAR',56),
(452,'San Juan de Payara','PAR',56),
(453,'Bruzual','PAR',57),
(454,'Mantecal','PAR',57),
(455,'Quintero','PAR',57),
(456,'Rincón Hondo','PAR',57),
(457,'San Vicente','PAR',57),
(458,'Aramendi','PAR',58),
(459,'El Amparo','PAR',58),
(460,'Guasdualito','PAR',58),
(461,'San Camilo','PAR',58),
(462,'Urdaneta','PAR',58),
(463,'Elorza','PAR',59),
(464,'La Trinidad','PAR',59),
(465,'El Recreo','PAR',60),
(466,'Peñalver','PAR',60),
(467,'San Fernando de Apure','PAR',60),
(468,'San Rafael de Atamaica','PAR',60),
(469,'Bolívar','PAR',61),
(470,'Camatagua','PAR',62),
(471,'Carmen de Cura','PAR',62),
(472,'Santa Rita','PAR',63),
(473,'Francisco de Miranda','PAR',63),
(474,'Monseñor Feliciano González','PAR',63),
(475,'Los Tacariguas','PAR',64),
(476,'Andrés Eloy Blanco','PAR',64),
(477,'José Casanova Godoy','PAR',64),
(478,'Pedro José Ovalles','PAR',64),
(479,'Joaquín Crespo','PAR',64),
(480,'Madre María de San José','PAR',64),
(481,'Las Delicias','PAR',64),
(482,'Choroní','PAR',64),
(483,'Santa Cruz','PAR',65),
(484,'Castor Nieves Ríos','PAR',66),
(485,'Juan Vicente Bolívar','PAR',66),
(486,'Las Guacamayas','PAR',66),
(487,'Pao de Zarate','PAR',66),
(488,'Zuata','PAR',66),
(489,'José Rafael Revenga','PAR',67),
(490,'Palo Negro','PAR',68),
(491,'San Martín de Porres','PAR',68),
(492,'Caña de Azúcar','PAR',69),
(493,'El Limón','PAR',69),
(494,'Ocumare de la Costa','PAR',70),
(495,'San Casimiro','PAR',71),
(496,'Güiripa','PAR',71),
(497,'Ollas de Caramacate','PAR',71),
(498,'Valle Morín','PAR',71),
(499,'San Sebastián','PAR',72),
(500,'Alfredo Pacheco Miranda','PAR',73),
(501,'Arévalo Aponte','PAR',73),
(502,'Chuao','PAR',73),
(503,'Samán de Güere','PAR',73),
(504,'Turmero','PAR',73),
(505,'Las Tejerías','PAR',74),
(506,'Tiara','PAR',74),
(507,'Bella Vista','PAR',75),
(508,'Cagua','PAR',75),
(509,'Colonia Tovar','PAR',76),
(510,'Las Peñitas','PAR',77),
(511,'San Francisco de Cara','PAR',77),
(512,'Taguay','PAR',77),
(513,'Urdaneta','PAR',77),
(514,'Augusto Mijares','PAR',78),
(515,'Magdaleno','PAR',78),
(516,'San Francisco de Asís','PAR',78),
(517,'Valles de Tucutunemo','PAR',78),
(518,'Villa de Cura','PAR',78),
(519,'Arismendi','PAR',79),
(520,'Guadarrama','PAR',79),
(521,'La Unión','PAR',79),
(522,'San Antonio','PAR',79),
(523,'Alfredo Larriva','PAR',80),
(524,'Alto Barinas','PAR',80),
(525,'Barinas','PAR',80),
(526,'Corazón de Jesús','PAR',80),
(527,'Dominga Ortíz','PAR',80),
(528,'El Carmen','PAR',80),
(529,'Juan Rodríguez','PAR',80),
(530,'Manuel Fajardo','PAR',80),
(531,'Ramón Ignacio Méndez','PAR',80),
(532,'Rómulo Betancourt','PAR',80),
(533,'San Silvestre','PAR',80),
(534,'Santa Inés','PAR',80),
(535,'Santa Lucía','PAR',80),
(536,'Torunos','PAR',80),
(537,'Altamira de Cáceres','PAR',81),
(538,'Barinitas','PAR',81),
(539,'Calderas','PAR',81),
(540,'Barrancas','PAR',82),
(541,'El Socorro','PAR',82),
(542,'Masparrito','PAR',82),
(543,'El Real','PAR',83),
(544,'La Luz','PAR',83),
(545,'Los Guasimitos','PAR',83),
(546,'Obispos','PAR',83),
(547,'Ciudad Bolivia','PAR',84),
(548,'Ignacio Briceño','PAR',84),
(549,'José Antonio Páez','PAR',84),
(550,'José Félix Ribas','PAR',84),
(551,'Dolores','PAR',85),
(552,'Libertad','PAR',85),
(553,'Palacios Fajardo','PAR',85),
(554,'Santa Rosa','PAR',85),
(555,'Simón Rodríguez','PAR',85),
(556,'Ciudad de Nutrias','PAR',86),
(557,'El Regalo','PAR',86),
(558,'Puerto de Nutrias','PAR',86),
(559,'Santa Catalina','PAR',86),
(560,'Simón Bolívar','PAR',86),
(561,'Raúl Leoni','PAR',87),
(562,'Barceloneta','PAR',87),
(563,'Santa Bárbara','PAR',87),
(564,'San Francisco','PAR',87),
(565,'5 de Julio','PAR',88),
(566,'Cachamay','PAR',88),
(567,'Chirica','PAR',88),
(568,'Once de Abril','PAR',88),
(569,'Dalla Costa','PAR',88),
(570,'Pozo Verde','PAR',88),
(571,'Simón Bolívar','PAR',88),
(572,'Unare','PAR',88),
(573,'Universidad','PAR',88),
(574,'Vista al Sol','PAR',88),
(575,'Yocoima','PAR',88),
(576,'Altagracia','PAR',89),
(577,'Ascensión Farreras','PAR',89),
(578,'Caicara del Orinoco','PAR',89),
(579,'Guaniamo','PAR',89),
(580,'La Urbana','PAR',89),
(581,'Pijiguaos','PAR',89),
(582,'El Palmar','PAR',90),
(583,'El Callao','PAR',91),
(584,'Santa Elena','PAR',92),
(585,'Ikabarú','PAR',92),
(586,'Agua Salada','PAR',93),
(587,'Catedral','PAR',93),
(588,'José Antonio Páez','PAR',93),
(589,'La Sabanita','PAR',93),
(590,'Vista Hermosa','PAR',93),
(591,'Marhuanta','PAR',93),
(592,'Orinoco','PAR',93),
(593,'Panapana','PAR',93),
(594,'Zea','PAR',93),
(595,'Andrés Eloy Blanco','PAR',94),
(596,'Pedro Cova','PAR',94),
(597,'Upata','PAR',94),
(598,'Salom','PAR',95),
(599,'Roscio','PAR',95),
(600,'Dalla Costa','PAR',96),
(601,'San Isidro','PAR',96),
(602,'Tumeremo','PAR',96),
(603,'Sucre','PAR',97),
(604,'Aripao','PAR',97),
(605,'Guarataro','PAR',97),
(606,'Las Majadas','PAR',97),
(607,'Moitaco','PAR',97),
(608,'Bejuma','PAR',98),
(609,'Canoabo','PAR',98),
(610,'Simón Bolívar','PAR',98),
(611,'Belén','PAR',99),
(612,'Güigüe','PAR',99),
(613,'Tacarigua','PAR',99),
(614,'Aguas Calientes','PAR',100),
(615,'Mariara','PAR',100),
(616,'Ciudad Alianza','PAR',101),
(617,'Guacara','PAR',101),
(618,'Yagua','PAR',101),
(619,'Morón','PAR',102),
(620,'Urama','PAR',102),
(621,'Independencia','PAR',103),
(622,'Tocuyito','PAR',103),
(623,'Los Guayos','PAR',104),
(624,'Miranda','PAR',105),
(625,'Montalbán','PAR',106),
(626,'Naguanagua','PAR',107),
(627,'Bartolomé Salom','PAR',108),
(628,'Borburata','PAR',108),
(629,'Democracia','PAR',108),
(630,'Fraternidad','PAR',108),
(631,'Goaigoaza','PAR',108),
(632,'Juan José Flores','PAR',108),
(633,'Patanemo','PAR',108),
(634,'Unión','PAR',108),
(635,'San Diego','PAR',109),
(636,'San Joaquín','PAR',110),
(637,'Candelaria','PAR',111),
(638,'Catedral','PAR',111),
(639,'El Socorro','PAR',111),
(640,'Miguel Peña','PAR',111),
(641,'Negro Primero','PAR',111),
(642,'Rafael Urdaneta','PAR',111),
(643,'San Blas','PAR',111),
(644,'San José','PAR',111),
(645,'Santa Rosa','PAR',111),
(646,'Cojedes','PAR',112),
(647,'Juan de Mata Suárez','PAR',112),
(648,'Pao de San Juan Bautista','PAR',113),
(649,'Tinaquillo','PAR',114),
(650,'El Baúl','PAR',115),
(651,'Sucre','PAR',115),
(652,'La Aguadita','PAR',116),
(653,'Macapo','PAR',116),
(654,'El Amparo','PAR',117),
(655,'Libertad de Cojedes','PAR',117),
(656,'Las Vegas','PAR',118),
(657,'San Carlos de Austria','PAR',119),
(658,'Juan Ángel Bravo','PAR',119),
(659,'Manuel Manrique','PAR',119),
(660,'Jefe José Laurencio Silva','PAR',120),
(661,'23 de Enero','PAR',121),
(662,'Altagracia','PAR',121),
(663,'Antímano','PAR',121),
(664,'Candelaria','PAR',121),
(665,'Caricuao','PAR',121),
(666,'Catedral','PAR',121),
(667,'Coche','PAR',121),
(668,'El Junquito','PAR',121),
(669,'El Paraíso','PAR',121),
(670,'El Recreo','PAR',121),
(671,'El Valle','PAR',121),
(672,'La Pastora','PAR',121),
(673,'La Vega','PAR',121),
(674,'Macarao','PAR',121),
(675,'San Agustín','PAR',121),
(676,'San Bernardino','PAR',121),
(677,'San José','PAR',121),
(678,'San Juan','PAR',121),
(679,'San Pedro','PAR',121),
(680,'Santa Rosalía','PAR',121),
(681,'Santa Teresa','PAR',121),
(682,'Sucre','PAR',121),
(683,'Almirante Luis Brión','PAR',122),
(684,'Aniceto Lugo','PAR',122),
(685,'Curiapo','PAR',122),
(686,'Manuel Renaud','PAR',122),
(687,'Padre Barral','PAR',122),
(688,'Santos de Abelgas','PAR',122),
(689,'Juan Bautista Arismendi','PAR',123),
(690,'Manuel Piar','PAR',123),
(691,'Rómulo Gallegos','PAR',123),
(692,'Luis Beltrán Prieto Figueroa','PAR',124),
(693,'Municipio Pedernales','PAR',124),
(694,'Pedernales','PAR',124),
(695,'José Vidal Marcano','PAR',125),
(696,'Juan Millán','PAR',125),
(697,'Leonardo Ruiz Pineda','PAR',125),
(698,'Mariscal Antonio José de Sucre','PAR',125),
(699,'Monseñor Argimiro García','PAR',125),
(700,'San José','PAR',125),
(701,'San Rafael','PAR',125),
(702,'Virgen del Valle','PAR',125),
(703,'Capadare','PAR',126),
(704,'La Pastora','PAR',126),
(705,'Libertador','PAR',126),
(706,'San Juan de Los Cayos','PAR',126),
(707,'Aracua','PAR',127),
(708,'La Peña','PAR',127),
(709,'San Luis','PAR',127),
(710,'Bariro','PAR',128),
(711,'Borojó','PAR',128),
(712,'Capatárida','PAR',128),
(713,'Goajiro','PAR',128),
(714,'Seque','PAR',128),
(715,'Valle de Eroa','PAR',128),
(716,'Zazárida','PAR',128),
(717,'Carirubana','PAR',129),
(718,'Norte','PAR',129),
(719,'Punta Cardón','PAR',129),
(720,'Santa Ana','PAR',129),
(721,'Acurigua','PAR',130),
(722,'Guaibacoa','PAR',130),
(723,'La Vela de Coro','PAR',130),
(724,'Las Calderas','PAR',130),
(725,'Mataruca','PAR',130),
(726,'Dabajuro','PAR',131),
(727,'Agua Clara','PAR',132),
(728,'Avaria','PAR',132),
(729,'Pedregal','PAR',132),
(730,'Piedra Grande','PAR',132),
(731,'Purureche','PAR',132),
(732,'Adaure','PAR',133),
(733,'Adícora','PAR',133),
(734,'Baraived','PAR',133),
(735,'Buena Vista','PAR',133),
(736,'El Hato','PAR',133),
(737,'El Vínculo','PAR',133),
(738,'Jadacaquiva','PAR',133),
(739,'Moruy','PAR',133),
(740,'Pueblo Nuevo','PAR',133),
(741,'Agua Larga','PAR',134),
(742,'Churuguara','PAR',134),
(743,'El Paují','PAR',134),
(744,'Independencia','PAR',134),
(745,'Mapararí','PAR',134),
(746,'Boca de Tocuyo','PAR',135),
(747,'Chichiriviche','PAR',135),
(748,'Tocuyo de la Costa','PAR',135),
(749,'Agua Linda','PAR',136),
(750,'Araurima','PAR',136),
(751,'Jacura','PAR',136),
(752,'Judibana','PAR',137),
(753,'Los Taques','PAR',137),
(754,'Casigua','PAR',138),
(755,'Mene de Mauroa','PAR',138),
(756,'San Félix','PAR',138),
(757,'Manaure','PAR',139),
(758,'Guzmán Guillermo','PAR',140),
(759,'Mitare','PAR',140),
(760,'Río Seco','PAR',140),
(761,'Sabaneta','PAR',140),
(762,'San Antonio','PAR',140),
(763,'San Gabriel','PAR',140),
(764,'Santa Ana','PAR',140),
(765,'Palmasola','PAR',141),
(766,'Cabure','PAR',142),
(767,'Colina','PAR',142),
(768,'Curimagua','PAR',142),
(769,'Píritu','PAR',143),
(770,'San José de la Costa','PAR',143),
(771,'San Francisco Mirimire','PAR',144),
(772,'Tucacas','PAR',145),
(773,'Boca de Aroa','PAR',145),
(774,'Pecaya','PAR',146),
(775,'Sucre','PAR',146),
(776,'Tocópero','PAR',147),
(777,'El Charal','PAR',148),
(778,'Las Vegas del Tuy','PAR',148),
(779,'Santa Cruz de Bucaral','PAR',148),
(780,'Bruzual','PAR',149),
(781,'Urumaco','PAR',149),
(782,'La Ciénaga','PAR',150),
(783,'La Soledad','PAR',150),
(784,'Pueblo Cumarebo','PAR',150),
(785,'Puerto Cumarebo','PAR',150),
(786,'Zazárida','PAR',150),
(787,'Chaguaramas','PAR',151),
(788,'Camaguán','PAR',152),
(789,'Puerto Miranda','PAR',152),
(790,'Uverito','PAR',152),
(791,'El Socorro','PAR',153),
(792,'Calabozo','PAR',154),
(793,'El Calvario','PAR',154),
(794,'El Rastro','PAR',154),
(795,'Guardatinajas','PAR',154),
(796,'Espino','PAR',155),
(797,'Valle de la Pascua','PAR',155),
(798,'Cabruta','PAR',156),
(799,'Las Mercedes','PAR',156),
(800,'Santa Rita de Manapire','PAR',156),
(801,'San Rafael de Laya','PAR',157),
(802,'Tucupido','PAR',157),
(803,'Altagracia de Orituco.','PAR',158),
(804,'Carlos Soublette.','PAR',158),
(805,'Libertad de Orituco.','PAR',158),
(806,'Paso Real de Macaira.','PAR',158),
(807,'San Francisco Javier de Lezama.','PAR',158),
(808,'San Francisco de Macaira.','PAR',158),
(809,'San Rafael de Orituco.','PAR',158),
(810,'Cantagallo','PAR',159),
(811,'Parapara','PAR',159),
(812,'San Juan de los Morros','PAR',159),
(813,'El Sombrero','PAR',160),
(814,'Sosa','PAR',160),
(815,'Ortiz','PAR',161),
(816,'San Francisco de Tiznados','PAR',161),
(817,'San José de Tiznados','PAR',161),
(818,'San Lorenzo de Tiznados','PAR',161),
(819,'Cazorla','PAR',162),
(820,'Guayabal','PAR',162),
(821,'San José de Guaribe','PAR',163),
(822,'Altamira','PAR',164),
(823,'Santa María de Ipire','PAR',164),
(824,'San José de Unare','PAR',165),
(825,'Zaraza','PAR',165),
(826,'Caraballeda','PAR',166),
(827,'Carayaca','PAR',166),
(828,'Carlos Soublette','PAR',166),
(829,'Caruao','PAR',166),
(830,'Catia La Mar','PAR',166),
(831,'El Junko','PAR',166),
(832,'La Guaira','PAR',166),
(833,'Macuto','PAR',166),
(834,'Maiquetía','PAR',166),
(835,'Naiguatá','PAR',166),
(836,'Urimare','PAR',166),
(837,'Pío Tamayo','PAR',167),
(838,'Quebrada Honda de Guache','PAR',167),
(839,'Yacambú','PAR',167),
(840,'Freitez','PAR',168),
(841,'José María Blanco','PAR',168),
(842,'Aguedo F. Alvarado','PAR',169),
(843,'Ana Soto','PAR',169),
(844,'Buena Vista','PAR',169),
(845,'Catedral','PAR',169),
(846,'El Cuji','PAR',169),
(847,'Juárez','PAR',169),
(848,'La Concepción','PAR',169),
(849,'Santa Rosa','PAR',169),
(850,'Tamaca','PAR',169),
(851,'Unión','PAR',169),
(852,'Cuara','PAR',170),
(853,'Diego de Lozada','PAR',170),
(854,'José Bernardo Dorante','PAR',170),
(855,'Juan Bautista Rodríguez','PAR',170),
(856,'Mariano Peraza','PAR',170),
(857,'Paraíso de San José','PAR',170),
(858,'San Miguel','PAR',170),
(859,'Tintorero','PAR',170),
(860,'Anzoátegui','PAR',171),
(861,'Bolívar','PAR',171),
(862,'Guárico','PAR',171),
(863,'Hilario Luna y Luna','PAR',171),
(864,'Humocaro Alto','PAR',171),
(865,'Humocaro Bajo','PAR',171),
(866,'La Candelaria','PAR',171),
(867,'Morán','PAR',171),
(868,'Agua Viva','PAR',172),
(869,'Cabudare','PAR',172),
(870,'José Gregorio Bastidas','PAR',172),
(871,'Buria','PAR',173),
(872,'Gustavo Vegas León','PAR',173),
(873,'Sarare','PAR',173),
(874,'Altagracia','PAR',174),
(875,'Antonio Díaz','PAR',174),
(876,'Camacaro','PAR',174),
(877,'Castañeda','PAR',174),
(878,'Cecilio Zubillaga','PAR',174),
(879,'Chiquinquirá','PAR',174),
(880,'El Blanco','PAR',174),
(881,'Espinoza de los Monteros','PAR',174),
(882,'Heriberto Arrollo','PAR',174),
(883,'Lara','PAR',174),
(884,'Las Mercedes','PAR',174),
(885,'Manuel Morillo','PAR',174),
(886,'Montaña Verde','PAR',174),
(887,'Montes de Oca','PAR',174),
(888,'Reyes de Vargas','PAR',174),
(889,'Torres','PAR',174),
(890,'Trinidad Samuel','PAR',174),
(891,'Moroturo (Santa Inés)','PAR',175),
(892,'San Miguel (Aguada Grande)','PAR',175),
(893,'Siquisique (Siquisique)','PAR',175),
(894,'Xaguas (Baragua)','PAR',175),
(895,'Acequias','PAR',176),
(896,'Fernández Peña','PAR',176),
(897,'Jají','PAR',176),
(898,'La Mesa','PAR',176),
(899,'Matriz','PAR',176),
(900,'Montalbán','PAR',176),
(901,'San José','PAR',176),
(902,'Antonio Spinetti Dini','PAR',177),
(903,'Arias','PAR',177),
(904,'Caracciolo Parra Pérez','PAR',177),
(905,'Domingo Peña','PAR',177),
(906,'El Llano','PAR',177),
(907,'El Morro','PAR',177),
(908,'Gonzalo Picón Febres','PAR',177),
(909,'Jacinto Plaza','PAR',177),
(910,'Juan Rodríguez Suárez','PAR',177),
(911,'Lasso de la Vega','PAR',177),
(912,'Los Nevados','PAR',177),
(913,'Mariano Picón Salas','PAR',177),
(914,'Milla','PAR',177),
(915,'Osuna Rodríguez','PAR',177),
(916,'Sagrario','PAR',177),
(917,'Tabay','PAR',178),
(918,'Chiguará','PAR',179),
(919,'Estánquez','PAR',179),
(920,'La Trampa','PAR',179),
(921,'Pueblo Nuevo del Sur','PAR',179),
(922,'San Juan','PAR',179),
(923,'Sucre','PAR',179),
(924,'Las Piedras','PAR',180),
(925,'Santo Domingo','PAR',180),
(926,'Andrés Eloy Blanco','PAR',181),
(927,'La Venta','PAR',181),
(928,'Piñango','PAR',181),
(929,'Timotes','PAR',181),
(930,'Pueblo Llano','PAR',182),
(931,'Cacute','PAR',183),
(932,'La Toma','PAR',183),
(933,'Mucurubá','PAR',183),
(934,'Rangel','PAR',183),
(935,'San Rafael','PAR',183),
(936,'Gabriel Picón Gonzáles','PAR',184),
(937,'Héctor Amable Mora','PAR',184),
(938,'José Nucete Sardi','PAR',184),
(939,'Presidente Betancourt','PAR',184),
(940,'Presidente Páez','PAR',184),
(941,'Presidente Rómulo Gallegos','PAR',184),
(942,'Pulido Méndez','PAR',184),
(943,'Eloy Paredes','PAR',185),
(944,'San Rafael de Alcázar','PAR',185),
(945,'Santa Elena de Arenales','PAR',185),
(946,'Independencia','PAR',186),
(947,'María de la Concepción Palacios Blanco','PAR',186),
(948,'Nueva Bolivia','PAR',186),
(949,'Santa Apolonia','PAR',186),
(950,'La Azulita','PAR',187),
(951,'Florencio Ramírez','PAR',188),
(952,'Tucaní','PAR',188),
(953,'Arapuey','PAR',189),
(954,'Palmira','PAR',189),
(955,'México','PAR',190),
(956,'San Cristóbal de Torondoy','PAR',190),
(957,'Torondoy','PAR',190),
(958,'Mesa Bolívar','PAR',191),
(959,'Mesa de Las Palmas','PAR',191),
(960,'Santa Cruz de Mora','PAR',191),
(961,'Bailadores','PAR',192),
(962,'Gerónimo Maldonado','PAR',192),
(963,'Guaraque','PAR',193),
(964,'Mesa de Quintero','PAR',193),
(965,'Rio Negro','PAR',193),
(966,'El Amparo','PAR',194),
(967,'El Llano','PAR',194),
(968,'San Francisco','PAR',194),
(969,'Tovar','PAR',194),
(970,'Caño El Tigre','PAR',195),
(971,'Zea','PAR',195),
(972,'Acarigua','PAR',196),
(973,'San Antonio','PAR',196),
(974,'Canaguá','PAR',197),
(975,'Capurí','PAR',197),
(976,'Chacantá','PAR',197),
(977,'El Molino','PAR',197),
(978,'Guaimaral','PAR',197),
(979,'Mucuchachí','PAR',197),
(980,'Mucutuy','PAR',197),
(981,'Santa María de Caparo','PAR',198),
(982,'Aragüita','PAR',199),
(983,'Arévalo González (El Clavo)','PAR',199),
(984,'Capaya','PAR',199),
(985,'Caucagua','PAR',199),
(986,'El Café','PAR',199),
(987,'Marizapa','PAR',199),
(988,'Panaquire','PAR',199),
(989,'Ribas (Tapipa)','PAR',199),
(990,'Cumbo','PAR',200),
(991,'San José de Barlovento','PAR',200),
(992,'Baruta','PAR',201),
(993,'El Cafetal','PAR',201),
(994,'Las Minas','PAR',201),
(995,'Curiepe','PAR',202),
(996,'Higuerote','PAR',202),
(997,'Tacarigua','PAR',202),
(998,'Mamporal','PAR',203),
(999,'Carrizal','PAR',204),
(1000,'San José de Chacao','PAR',205),
(1001,'Charallave','PAR',206),
(1002,'Las Brisas','PAR',206),
(1003,'Santa Rosalía de Palermo de El Hatillo','PAR',207),
(1004,'Altagracia de la Montaña','PAR',208),
(1005,'Cecilio Acosta','PAR',208),
(1006,'El Jarillo','PAR',208),
(1007,'Los Teques','PAR',208),
(1008,'Paracotos','PAR',208),
(1009,'San Pedro','PAR',208),
(1010,'Tácata','PAR',208),
(1011,'Cúpira','PAR',209),
(1012,'Machurucuto','PAR',209),
(1013,'El Cartanal','PAR',210),
(1014,'Santa Teresa del Tuy','PAR',210),
(1015,'La Democracia','PAR',211),
(1016,'Ocumare del Tuy','PAR',211),
(1017,'Santa Bárbara','PAR',211),
(1018,'San Antonio de los Altos','PAR',212),
(1019,'El Guapo','PAR',213),
(1020,'Paparo','PAR',213),
(1021,'Río Chico','PAR',213),
(1022,'San Fernando del Guapo','PAR',213),
(1023,'Tacarigua de la Laguna','PAR',213),
(1024,'Santa Lucía del Tuy','PAR',214),
(1025,'Guarenas','PAR',215),
(1026,'San Antonio de Yare','PAR',216),
(1027,'San Francisco de Yare','PAR',216),
(1028,'Caucagüita','PAR',217),
(1029,'Fila de Mariches','PAR',217),
(1030,'La Dolorita','PAR',217),
(1031,'Leoncio Martínez','PAR',217),
(1032,'Petare','PAR',217),
(1033,'Cúa','PAR',218),
(1034,'Nueva Cúa','PAR',218),
(1035,'Bolívar','PAR',219),
(1036,'Guatire','PAR',219),
(1037,'San Antonio de Maturín','PAR',220),
(1038,'San Francisco de Maturín','PAR',220),
(1039,'Aguasay','PAR',221),
(1040,'Caripito','PAR',222),
(1041,'Caripe','PAR',223),
(1042,'El Guácharo','PAR',223),
(1043,'La Guanota','PAR',223),
(1044,'Sabana de Piedra','PAR',223),
(1045,'San Agustín','PAR',223),
(1046,'Teresén','PAR',223),
(1047,'Areo','PAR',224),
(1048,'Caicara','PAR',224),
(1049,'San Félix','PAR',224),
(1050,'Viento Fresco','PAR',224),
(1051,'Chaguaramas','PAR',225),
(1052,'Las Alhuacas','PAR',225),
(1053,'Tabasca','PAR',225),
(1054,'Temblador','PAR',225),
(1055,'Alto de Los Godos','PAR',226),
(1056,'Boquerón','PAR',226),
(1057,'El Corozo','PAR',226),
(1058,'El Furrial','PAR',226),
(1059,'Jusepín','PAR',226),
(1060,'La Pica','PAR',226),
(1061,'Las Cocuizas','PAR',226),
(1062,'San Simón','PAR',226),
(1063,'San Vicente','PAR',226),
(1064,'Santa Cruz','PAR',226),
(1065,'Aparicio','PAR',227),
(1066,'Aragua','PAR',227),
(1067,'Chaguaramal','PAR',227),
(1068,'El Pinto','PAR',227),
(1069,'Guanaguana','PAR',227),
(1070,'La Toscana','PAR',227),
(1071,'Taguaya','PAR',227),
(1072,'Cachipo','PAR',228),
(1073,'Quiriquire','PAR',228),
(1074,'Morón','PAR',229),
(1075,'Santa Bárbara','PAR',229),
(1076,'Barrancas','PAR',230),
(1077,'Los Barrancos de Fajardo','PAR',230),
(1078,'Uracoa','PAR',231),
(1079,'El Tejero','PAR',232),
(1080,'Punta de Mata','PAR',232),
(1081,'Antolín del Campo','PAR',233),
(1082,'Arismendi','PAR',234),
(1083,'San Juan Bautista','PAR',235),
(1084,'Zabala','PAR',235),
(1085,'Capital García','PAR',236),
(1086,'Francisco Fajardo','PAR',236),
(1087,'Bolívar','PAR',237),
(1088,'Guevara','PAR',237),
(1089,'Matasiete','PAR',237),
(1090,'Santa Ana','PAR',237),
(1091,'Sucre','PAR',237),
(1092,'Aguirre','PAR',238),
(1093,'Pampatar','PAR',238),
(1094,'Adrián','PAR',239),
(1095,'Juan Griego','PAR',239),
(1096,'Mariño','PAR',240),
(1097,'Boca del Río','PAR',241),
(1098,'San Francisco','PAR',241),
(1099,'Capital Tubores (Punta de Piedras)','PAR',242),
(1100,'Los Barales','PAR',242),
(1101,'San Pedro','PAR',243),
(1102,'Vicente Fuentes','PAR',243),
(1103,'Agua Blanca','PAR',244),
(1104,'Araure','PAR',245),
(1105,'Río Acarigua','PAR',245),
(1106,'Píritu','PAR',246),
(1107,'Uveral','PAR',246),
(1108,'Córdoba','PAR',247),
(1109,'Guanare','PAR',247),
(1110,'San José de la Montaña','PAR',247),
(1111,'San Juan Guanaguanare','PAR',247),
(1112,'Virgen de la Coromoto','PAR',247),
(1113,'Guanarito','PAR',248),
(1114,'La Divina Pastora','PAR',248),
(1115,'Trinidad de la Capilla','PAR',248),
(1116,'Peña Blanca','PAR',249),
(1117,'Aparición','PAR',250),
(1118,'La Estación','PAR',250),
(1119,'Ospino','PAR',250),
(1120,'Acarigua','PAR',251),
(1121,'Payara','PAR',251),
(1122,'Pimpinela','PAR',251),
(1123,'Ramón Peraza','PAR',251),
(1124,'Caño Delgadito','PAR',252),
(1125,'San Pedro Apóstol de Papelón','PAR',252),
(1126,'Antolín Tovar Anquino','PAR',253),
(1127,'Boconoíto','PAR',253),
(1128,'San Rafael de Onoto','PAR',254),
(1129,'Santa Fe','PAR',254),
(1130,'Thermo Morales','PAR',254),
(1131,'El Playón','PAR',255),
(1132,'Florida','PAR',255),
(1133,'Biscucuy','PAR',256),
(1134,'Concepción','PAR',256),
(1135,'Saguaz','PAR',256),
(1136,'San Rafael','PAR',256),
(1137,'Uvencio Velásquez','PAR',256),
(1138,'Villa Rosa','PAR',256),
(1139,'Canelones','PAR',257),
(1140,'San Isidro Labrador','PAR',257),
(1141,'Santa Cruz','PAR',257),
(1142,'Villa Bruzual','PAR',257),
(1143,'Mariño','PAR',258),
(1144,'Rómulo Gallegos','PAR',258),
(1145,'San José de Aerocuar','PAR',259),
(1146,'Tavera Acosta','PAR',259),
(1147,'El Morro','PAR',260),
(1148,'Puerto Santo','PAR',260),
(1149,'Río Caribe','PAR',260),
(1150,'San Juan','PAR',260),
(1151,'Sucre','PAR',260),
(1152,'El Pilar','PAR',261),
(1153,'El Rincón','PAR',261),
(1154,'Francisco A. Vásquez','PAR',261),
(1155,'Guaraunos','PAR',261),
(1156,'Tunapuicito','PAR',261),
(1157,'Unión','PAR',261),
(1158,'Bolívar','PAR',262),
(1159,'Macarapana','PAR',262),
(1160,'Santa Catalina','PAR',262),
(1161,'Santa Rosa','PAR',262),
(1162,'Santa Teresa','PAR',262),
(1163,'Marigüitar','PAR',263),
(1164,'El Paujil','PAR',264),
(1165,'Libertad','PAR',264),
(1166,'Yaguaraparo','PAR',264),
(1167,'Araya','PAR',265),
(1168,'Chacopata','PAR',265),
(1169,'Manicuare','PAR',265),
(1170,'Campo Elías','PAR',266),
(1171,'Tunapui','PAR',266),
(1172,'Alto Amara','PAR',267),
(1173,'Campo Claro','PAR',267),
(1174,'Irapa','PAR',267),
(1175,'La Consepccion','PAR',267),
(1176,'Marabal','PAR',267),
(1177,'Pueblo Viejo','PAR',267),
(1178,'Río Chiquito','PAR',267),
(1179,'Río Grande','PAR',267),
(1180,'San Antonio de Irapa','PAR',267),
(1181,'Soro','PAR',267),
(1182,'Vericallar','PAR',267),
(1183,'San Antonio del Golfo','PAR',268),
(1184,'Arenas','PAR',269),
(1185,'Aricagua','PAR',269),
(1186,'Cocollar','PAR',269),
(1187,'Cumanacoa','PAR',269),
(1188,'San Fernando','PAR',269),
(1189,'San Lorenzo','PAR',269),
(1190,'Cariaco','PAR',270),
(1191,'Catuaro','PAR',270),
(1192,'Rendón','PAR',270),
(1193,'Santa Cruz','PAR',270),
(1194,'Santa María','PAR',270),
(1195,'Altagracia','PAR',271),
(1196,'Ayacucho','PAR',271),
(1197,'Gran Mariscal','PAR',271),
(1198,'Raúl Leoni','PAR',271),
(1199,'San Juan','PAR',271),
(1200,'Santa Inés','PAR',271),
(1201,'Valentín Valiente','PAR',271),
(1202,'Bideau','PAR',272),
(1203,'Cristóbal Colón','PAR',272),
(1204,'Güiria','PAR',272),
(1205,'Punta de Piedras','PAR',272),
(1206,'Cordero','PAR',273),
(1207,'Las Mesas','PAR',274),
(1208,'Rivas Berti','PAR',275),
(1209,'San Juan de Colón','PAR',275),
(1210,'San Pedro del Río','PAR',275),
(1211,'Isaías Medina Angarita','PAR',276),
(1212,'Juan Vicente Gómez','PAR',276),
(1213,'Palotal','PAR',276),
(1214,'San Antonio del Táchira','PAR',276),
(1215,'Amenodoro Rangel Lamús','PAR',277),
(1216,'La Florida','PAR',277),
(1217,'Táriba','PAR',277),
(1218,'Santa Ana del Táchira','PAR',278),
(1219,'Alberto Adriani','PAR',279),
(1220,'San Rafael del Piñal','PAR',279),
(1221,'Santo Domingo','PAR',279),
(1222,'San José de Bolívar','PAR',280),
(1223,'Boca de Grita','PAR',281),
(1224,'José Antonio Páez','PAR',281),
(1225,'La Fría','PAR',281),
(1226,'Palmira','PAR',282),
(1227,'Capacho Nuevo','PAR',283),
(1228,'Juan Germán Roscio','PAR',283),
(1229,'Román Cárdenas','PAR',283),
(1230,'Emilio Constantino Guerrero','PAR',284),
(1231,'La Grita','PAR',284),
(1232,'Monseñor Miguel Antonio Salas','PAR',284),
(1233,'El Cobre','PAR',285),
(1234,'Bramón','PAR',286),
(1235,'Quinimarí','PAR',286),
(1236,'Rubio','PAR',286),
(1237,'Capacho Viejo','PAR',287),
(1238,'Cipriano Castro','PAR',287),
(1239,'Manuel Felipe Rugeles','PAR',287),
(1240,'Abejales','PAR',288),
(1241,'Doradas','PAR',288),
(1242,'Emeterio Ochoa','PAR',288),
(1243,'San Joaquín de Navay','PAR',288),
(1244,'Constitución','PAR',289),
(1245,'Lobatera','PAR',289),
(1246,'Michelena','PAR',290),
(1247,'Coloncito','PAR',291),
(1248,'La Palmita','PAR',291),
(1249,'Nueva Arcadia','PAR',292),
(1250,'Ureña','PAR',292),
(1251,'Delicias','PAR',293),
(1252,'Boconó','PAR',294),
(1253,'Hernández','PAR',294),
(1254,'La Tendida','PAR',294),
(1255,'Francisco Romero Lobo','PAR',295),
(1256,'La Concordia','PAR',295),
(1257,'Pedro María Morantes','PAR',295),
(1258,'San Juan Bautista','PAR',295),
(1259,'San Sebastián','PAR',295),
(1260,'Umuquena','PAR',296),
(1261,'Seboruco','PAR',297),
(1262,'San Simón','PAR',298),
(1263,'Capital Sucre','PAR',299),
(1264,'Eleazar López Contreras','PAR',299),
(1265,'San Pablo','PAR',299),
(1266,'San Josecito','PAR',300),
(1267,'Cárdenas','PAR',301),
(1268,'Juan Pablo Peñaloza','PAR',301),
(1269,'Potosí','PAR',301),
(1270,'Pregonero','PAR',301),
(1271,'Araguaney','PAR',302),
(1272,'El Jaguito','PAR',302),
(1273,'La Esperanza','PAR',302),
(1274,'Santa Isabel','PAR',302),
(1275,'Ayacucho','PAR',303),
(1276,'Boconó','PAR',303),
(1277,'Burbusay','PAR',303),
(1278,'El Carmen','PAR',303),
(1279,'General Rivas','PAR',303),
(1280,'Guaramacal','PAR',303),
(1281,'La Vega de Guaramacal','PAR',303),
(1282,'Monseñor Jáuregui','PAR',303),
(1283,'Mosquey','PAR',303),
(1284,'Rafael Rangel','PAR',303),
(1285,'San José','PAR',303),
(1286,'San Miguel','PAR',303),
(1287,'Cheregüé','PAR',304),
(1288,'Granados','PAR',304),
(1289,'Sabana Grande','PAR',304),
(1290,'Arnoldo Gabaldón','PAR',305),
(1291,'Campo Elías','PAR',305),
(1292,'Arnoldo Gabaldón','PAR',306),
(1293,'Bolivia','PAR',306),
(1294,'Carrillo','PAR',306),
(1295,'Cegarra','PAR',306),
(1296,'Chejendé','PAR',306),
(1297,'Manuel Salvador Ulloa','PAR',306),
(1298,'San José','PAR',306),
(1299,'Carache','PAR',307),
(1300,'Cuicas','PAR',307),
(1301,'La Concepción','PAR',307),
(1302,'Panamericana','PAR',307),
(1303,'Santa Cruz','PAR',307),
(1304,'Antonio Nicolás Briceño','PAR',308),
(1305,'Campo Alegre','PAR',308),
(1306,'Carvajal','PAR',308),
(1307,'José Leonardo Suárez','PAR',308),
(1308,'Escuque','PAR',309),
(1309,'La Unión','PAR',309),
(1310,'Sabana Libre','PAR',309),
(1311,'Santa Rita','PAR',309),
(1312,'El Progreso','PAR',310),
(1313,'La Ceiba','PAR',310),
(1314,'Santa Apolonia','PAR',310),
(1315,'Tres de Febrero','PAR',310),
(1316,'Antonio José de Sucre','PAR',311),
(1317,'El Socorro','PAR',311),
(1318,'Los Caprichos','PAR',311),
(1319,'Agua Caliente','PAR',312),
(1320,'Agua Santa','PAR',312),
(1321,'El Cenizo','PAR',312),
(1322,'El Dividive','PAR',312),
(1323,'Valerita','PAR',312),
(1324,'Buena Vista','PAR',313),
(1325,'Monte Carmelo','PAR',313),
(1326,'Santa María del Horcón','PAR',313),
(1327,'El Baño','PAR',314),
(1328,'Jalisco','PAR',314),
(1329,'Motatán','PAR',314),
(1330,'Flor de Patria','PAR',315),
(1331,'La Paz','PAR',315),
(1332,'Pampán','PAR',315),
(1333,'Santa Ana','PAR',315),
(1334,'La Concepción','PAR',316),
(1335,'Pampanito','PAR',316),
(1336,'Pampanito II','PAR',316),
(1337,'Betijoque','PAR',317),
(1338,'El Cedro','PAR',317),
(1339,'José G. Hernández','PAR',317),
(1340,'La Pueblita','PAR',317),
(1341,'El Paraíso','PAR',318),
(1342,'Junín','PAR',318),
(1343,'Sabana de Mendoza','PAR',318),
(1344,'Valmore Rodríguez','PAR',318),
(1345,'Andrés Linares','PAR',319),
(1346,'Chiquinquirá','PAR',319),
(1347,'Cristóbal Mendoza','PAR',319),
(1348,'Cruz Carrillo','PAR',319),
(1349,'Matriz','PAR',319),
(1350,'Monseñor Carrillo','PAR',319),
(1351,'Tres Esquinas','PAR',319),
(1352,'Cabimbú','PAR',320),
(1353,'Jajó','PAR',320),
(1354,'La Mesa de Esnujaque','PAR',320),
(1355,'La Quebrada','PAR',320),
(1356,'Santiago','PAR',320),
(1357,'Tuñame','PAR',320),
(1358,'Juan Ignacio Montilla','PAR',321),
(1359,'La Beatriz','PAR',321),
(1360,'La Puerta','PAR',321),
(1361,'Mendoza','PAR',321),
(1362,'Mercedes Díaz','PAR',321),
(1363,'San Luis','PAR',321),
(1364,'Arístides Bastidas','PAR',322),
(1365,'Bolívar','PAR',323),
(1366,'Campo Elías','PAR',324),
(1367,'Chivacoa','PAR',324),
(1368,'Cocorote','PAR',325),
(1369,'Independencia','PAR',326),
(1370,'La Trinidad','PAR',327),
(1371,'Manuel Monge','PAR',328),
(1372,'Nirgua','PAR',329),
(1373,'Salom','PAR',329),
(1374,'Temerla (Salom)','PAR',329),
(1375,'José Antonio Páez','PAR',330),
(1376,'San Andrés','PAR',331),
(1377,'Yaritagua','PAR',331),
(1378,'Albarico','PAR',332),
(1379,'San Felipe','PAR',332),
(1380,'San Javier','PAR',332),
(1381,'Sucre','PAR',333),
(1382,'Urachiche','PAR',334),
(1383,'El Guayabo','PAR',335),
(1384,'Farriar','PAR',335),
(1385,'Bajo Pedro Colina','PAR',336),
(1386,'Entre otras islas','PAR',336),
(1387,'Isla de Maraca','PAR',336),
(1388,'Isla de Pescadores','PAR',336),
(1389,'Isla de Pájaros','PAR',336),
(1390,'Isla de San Carlos','PAR',336),
(1391,'Isla de Toas','PAR',336),
(1392,'Isla de Zapara','PAR',336),
(1393,'General Urdaneta','PAR',337),
(1394,'Libertador','PAR',337),
(1395,'Manuel Guanipa Matos','PAR',337),
(1396,'Marcelino Briceño','PAR',337),
(1397,'Pueblo Nuevo','PAR',337),
(1398,'San Timoteo','PAR',337),
(1399,'Ambrosio','PAR',338),
(1400,'Arístides Calvani','PAR',338),
(1401,'Carmen Herrera','PAR',338),
(1402,'Germán Ríos Linares','PAR',338),
(1403,'Jorge Hernández','PAR',338),
(1404,'La Rosa','PAR',338),
(1405,'Punta Gorda','PAR',338),
(1406,'Rómulo Betancourt','PAR',338),
(1407,'San Benito','PAR',338),
(1408,'Encontrados','PAR',339),
(1409,'Udón Pérez','PAR',339),
(1410,'Moralito','PAR',340),
(1411,'San Carlos del Zulia','PAR',340),
(1412,'Santa Bárbara','PAR',340),
(1413,'Santa Cruz del Zulia','PAR',340),
(1414,'Urribarrí','PAR',340),
(1415,'Agustín Codazzi','PAR',341),
(1416,'Carlos Quevedo','PAR',341),
(1417,'Francisco Javier Pulgar','PAR',341),
(1418,'Simón Rodríguez','PAR',341),
(1419,'Alta Guajira','PAR',342),
(1420,'Elías Sánchez Rubio','PAR',342),
(1421,'Guajira','PAR',342),
(1422,'Sinamaica','PAR',342),
(1423,'José Ramón Yépez','PAR',343),
(1424,'La Concepción','PAR',343),
(1425,'Mariano Parra León','PAR',343),
(1426,'San José','PAR',343),
(1427,'Barí','PAR',344),
(1428,'Jesús María Semprún','PAR',344),
(1429,'Andrés Bello','PAR',345),
(1430,'Chiquinquirá','PAR',345),
(1431,'Concepción','PAR',345),
(1432,'El Carmelo','PAR',345),
(1433,'Potreritos','PAR',345),
(1434,'Alonso de Ojeda','PAR',346),
(1435,'Campo Lara','PAR',346),
(1436,'Eleazar López Contreras','PAR',346),
(1437,'Libertad','PAR',346),
(1438,'Venezuela','PAR',346),
(1439,'Bartolomé de las Casas','PAR',347),
(1440,'Libertad','PAR',347),
(1441,'Río Negro','PAR',347),
(1442,'San José de Perijá','PAR',347),
(1443,'La Sierrita','PAR',348),
(1444,'Las Parcelas','PAR',348),
(1445,'Luis de Vicente','PAR',348),
(1446,'Monseñor Marcos Sergio Godoy','PAR',348),
(1447,'Ricaurte','PAR',348),
(1448,'San Rafael','PAR',348),
(1449,'Tamare','PAR',348),
(1450,'Antonio Borjas Romero','PAR',349),
(1451,'Bolívar','PAR',349),
(1452,'Cacique Mara','PAR',349),
(1453,'Caracciolo Parra Pérez','PAR',349),
(1454,'Cecilio Acosta','PAR',349),
(1455,'Chiquinquirá','PAR',349),
(1456,'Coquivacoa','PAR',349),
(1457,'Cristo de Aranza','PAR',349),
(1458,'Francisco Eugenio Bustamante','PAR',349),
(1459,'Idelfonso Vásquez','PAR',349),
(1460,'Juana de Ávila','PAR',349),
(1461,'Luis Hurtado Higuera','PAR',349),
(1462,'Manuel Dagnino','PAR',349),
(1463,'Olegario Villalobos','PAR',349),
(1464,'Raúl Leoni','PAR',349),
(1465,'San Isidro','PAR',349),
(1466,'Santa Lucía','PAR',349),
(1467,'Venancio Pulgar','PAR',349),
(1468,'Altagracia','PAR',350),
(1469,'Ana María Campos','PAR',350),
(1470,'Faría','PAR',350),
(1471,'San Antonio','PAR',350),
(1472,'San José','PAR',350),
(1473,'Donaldo García','PAR',351),
(1474,'El Rosario','PAR',351),
(1475,'Sixto Zambrano','PAR',351),
(1476,'Domitila Flores','PAR',352),
(1477,'El Bajo','PAR',352),
(1478,'Francisco Ochoa','PAR',352),
(1479,'José Domingo Rus','PAR',352),
(1480,'Los Cortijos','PAR',352),
(1481,'Marcial Hernández','PAR',352),
(1482,'San Francisco','PAR',352),
(1483,'El Mene','PAR',353),
(1484,'José Cenobio Urribarrí','PAR',353),
(1485,'Pedro Lucas Urribarrí','PAR',353),
(1486,'Santa Rita','PAR',353),
(1487,'Manuel Manrique','PAR',354),
(1488,'Rafael María Baralt','PAR',354),
(1489,'Rafael Urdaneta','PAR',354),
(1490,'Bobures','PAR',355),
(1491,'El Batey','PAR',355),
(1492,'Gibraltar','PAR',355),
(1493,'Heras','PAR',355),
(1494,'Monseñor Arturo Celestino Álvarez','PAR',355),
(1495,'Rómulo Gallegos','PAR',355),
(1496,'La Victoria','PAR',356),
(1497,'Rafael Urdaneta','PAR',356),
(1498,'Raúl Cuenca','PAR',356);

INSERT INTO PUBLIC.CX_EMPRESA(RIF, NOMBRE, FECHA_FUNDACION, DIRECCION, LUGAR_ID) VALUES
(1,'TerraMinera C.A.','01-01-1995','Fernando Girón Tovar, Atures, Amazonas',357),
(2,'OroVeta C.A.','01-01-1995','Luis Alberto Gómez, Atures, Amazonas',358),
(3,'PiedraBrillante C.A.','01-01-1995','Pahueña, Atures, Amazonas',359),
(4,'PlataMontaña C.A.','01-01-1995','Platanillal, Atures, Amazonas',360),
(5,'CobreProfundo C.A.','01-01-1995','La Esmeralda, Alto Orinoco, Amazonas',361),
(6,'MineralesRicos C.A.','01-01-1995','Huachamacare, Alto Orinoco, Amazonas',362),
(7,'DiamanteExplora C.A.','01-01-1995','Anaco, Anaco, Anzoátegui',386),
(8,'TitanioMinero C.A.','01-01-1995','Buena Vista, Anaco, Anzoátegui',387),
(9,'CarbónNegro C.A.','01-01-1995','San Joaquín, Anaco, Anzoátegui',388),
(10,'HierroForja C.A.','01-01-1995','Cachipo, Aragua, Anzoátegui',389),
(11,'ZafiroMinas C.A.','01-01-1995','Aragua, Aragua, Anzoátegui',390),
(12,'EsmeraldaExcava C.A.','01-01-1995','Bergantín, Bolívar, Anzoátegui',391),
(13,'RubíSubterráneo C.A.','01-01-1995','Achaguas, Achaguas, Apure',443),
(14,'JadeMineral C.A.','01-01-1995','Apurito, Achaguas, Apure',444),
(15,'TopacioOro C.A.','01-01-1995','El Yagual, Achaguas, Apure',445),
(16,'AmatistaMina C.A.','01-01-1995','Guachara, Achaguas, Apure',446),
(17,'PerlaMinera C.A.','01-01-1995','Mucuritas, Achaguas, Apure',447),
(18,'CuarzoCristal C.A.','01-01-1995','Queseras del Medio, Achaguas, Apure',448),
(19,'GranitoRoca C.A.','01-01-1995','Bolívar, Bolívar, Aragua',469),
(20,'CalcitaMineral C.A.','01-01-1995','Camatagua, Camatagua, Aragua',470),
(21,'AzufreVolcán C.A.','01-01-1995','Carmen de Cura, Camatagua, Aragua',471),
(22,'PlomoMinas C.A.','01-01-1995','Santa Rita, Francisco Linares Alcántara, Aragua',472),
(23,'ZincExtracción C.A.','01-01-1995','Francisco de Miranda, Francisco Linares Alcántara, Aragua',473),
(24,'NíquelSubsuelo C.A.','01-01-1995','Monseñor Feliciano González, Francisco Linares Alcántara, Aragua',474),
(25,'MicaMineral C.A.','01-01-1995','Arismendi, Arismendi, Barinas',519),
(26,'FeldespatoMina C.A.','01-01-1995','Guadarrama, Arismendi, Barinas',520),
(27,'BaritaMinera C.A.','01-01-1995','La Unión, Arismendi, Barinas',521),
(28,'TalcoExcavación C.A.','01-01-1995','San Antonio, Arismendi, Barinas',522),
(29,'PiritaOro C.A.','01-01-1995','Alfredo Larriva, Barinas, Barinas',523),
(30,'GalenaMineral C.A.','01-01-1995','Alto Barinas, Barinas, Barinas',524),
(31,'CVG Industria Venezolana de Aluminio C.A.','29-08-1973','Raúl Leoni, Angostura, Bolívar',561),
(32,'CVG BAUXILUM, C.A.','01-03-1994','Barceloneta, Angostura, Bolívar',562),
(33,'CVG Minerven C.A.','01-01-1970','Santa Bárbara, Angostura, Bolívar',563),
(34,'CVG Carbones del Orinoco, C.A.','06-11-1987','San Francisco, Angostura, Bolívar',564),
(35,'YesoExcava C.A.','01-01-1995','5 de Julio, Caroní, Bolívar',565),
(36,'FluoritaMinas C.A.','01-01-1995','Cachamay, Caroní, Bolívar',566),
(37,'CromitaSubterráneo C.A.','01-01-1995','Bejuma, Bejuma, Carabobo',608),
(38,'BentonitaMina C.A.','01-01-1995','Canoabo, Bejuma, Carabobo',609),
(39,'DolomitaMineral C.A.','01-01-1995','Simón Bolívar, Bejuma, Carabobo',610),
(40,'HalitaSal C.A.','01-01-1995','Belén, Carlos Arvelo, Carabobo',611),
(41,'GipsitaMinera C.A.','01-01-1995','Güigüe, Carlos Arvelo, Carabobo',612),
(42,'OlivinoMinas C.A.','01-01-1995','Tacarigua, Carlos Arvelo, Carabobo',613),
(43,'SerpentinaRoca C.A.','01-01-1995','Cojedes, Anzoátegui, Cojedes',646),
(44,'SulfuroMineral C.A.','01-01-1995','Juan de Mata Suárez, Anzoátegui, Cojedes',647),
(45,'SilicatoExcavación C.A.','01-01-1995','Pao de San Juan Bautista, Pao de San Juan Bautista, Cojedes',648),
(46,'TungstenoMinero C.A.','01-01-1995','Tinaquillo, Tinaquillo, Cojedes',649),
(47,'VanadioSubsuelo C.A.','01-01-1995','El Baúl, Girardot, Cojedes',650),
(48,'WolframitaMineral C.A.','01-01-1995','Sucre, Girardot, Cojedes',651),
(49,'TitanitaOro C.A.','01-01-1995','23 de Enero, Libertador, Distrito Capital',661),
(50,'RutiloMinas C.A.','01-01-1995','Altagracia, Libertador, Distrito Capital',662),
(51,'CirconioRoca C.A.','01-01-1995','Antímano, Libertador, Distrito Capital',663),
(52,'BerilioMineral C.A.','01-01-1995','Candelaria, Libertador, Distrito Capital',664),
(53,'AntimonioExcava C.A.','01-01-1995','Caricuao, Libertador, Distrito Capital',665),
(54,'TalcoMinera C.A.','01-01-1995','Catedral, Libertador, Distrito Capital',666),
(55,'GrafitoMineral C.A.','01-01-1995','Almirante Luis Brión, Antonio Díaz, Delta Amacuro',683),
(56,'LapislázuliMina C.A.','01-01-1995','Aniceto Lugo, Antonio Díaz, Delta Amacuro',684),
(57,'TurquesaSubterráneo C.A.','01-01-1995','Curiapo, Antonio Díaz, Delta Amacuro',685),
(58,'RodocrositaMinas C.A.','01-01-1995','Manuel Renaud, Antonio Díaz, Delta Amacuro',686),
(59,'SelenitaRoca C.A.','01-01-1995','Padre Barral, Antonio Díaz, Delta Amacuro',687),
(60,'ApatitaMineral C.A.','01-01-1995','Santos de Abelgas, Antonio Díaz, Delta Amacuro',688),
(61,'CalcopiritaMinera C.A.','01-01-1995','Capadare, Acosta, Falcón',703),
(62,'BornitaOro C.A.','01-01-1995','La Pastora, Acosta, Falcón',704),
(63,'CovellinaMinas C.A.','01-01-1995','Libertador, Acosta, Falcón',705),
(64,'EspodumenoMineral C.A.','01-01-1995','San Juan de Los Cayos, Acosta, Falcón',706),
(65,'GalenaPlata C.A.','01-01-1995','Aracua, Bolívar, Falcón',707),
(66,'HalitaMinera C.A.','01-01-1995','La Peña, Bolívar, Falcón',708),
(67,'IolitaRoca C.A.','01-01-1995','Chaguaramas, Chaguaramas, Guárico',787),
(68,'JaspeMineral C.A.','01-01-1995','Camaguán, Camaguán, Guárico',788),
(69,'KyanitaExcavación C.A.','01-01-1995','Puerto Miranda, Camaguán, Guárico',789),
(70,'LabradoritaMinas C.A.','01-01-1995','Uverito, Camaguán, Guárico',790),
(71,'MalaquitaSubsuelo C.A.','01-01-1995','El Socorro, El Socorro, Guárico',791),
(72,'NefelinaMineral C.A.','01-01-1995','Calabozo, Francisco de Miranda, Guárico',792),
(73,'ObsidianaOro C.A.','01-01-1995','Caraballeda, Vargas, La Guaira',826),
(74,'PiritaMinas C.A.','01-01-1995','Carayaca, Vargas, La Guaira',827),
(75,'QuebrachoRoca C.A.','01-01-1995','Carlos Soublette, Vargas, La Guaira',828),
(76,'RutiloMineral C.A.','01-01-1995','Caruao, Vargas, La Guaira',829),
(77,'SideritaMinera C.A.','01-01-1995','Catia La Mar, Vargas, La Guaira',830),
(78,'TalcoExcava C.A.','01-01-1995','El Junko, Vargas, La Guaira',831),
(79,'UvarovitaMinas C.A.','01-01-1995','Pío Tamayo, Andrés Eloy Blanco, Lara',837),
(80,'VesuvianitaSubterráneo C.A.','01-01-1995','Quebrada Honda de Guache, Andrés Eloy Blanco, Lara',838),
(81,'WollastonitaRoca C.A.','01-01-1995','Yacambú, Andrés Eloy Blanco, Lara',839),
(82,'XenotimaMineral C.A.','01-01-1995','Freitez, Crespo, Lara',840),
(83,'YacimientosOro C.A.','01-01-1995','José María Blanco, Crespo, Lara',841),
(84,'ZoisitaMinas C.A.','01-01-1995','Aguedo F. Alvarado, Iribarren, Lara',842),
(85,'AlunitaMineral C.A.','01-01-1995','Acequias, Campo Elías, Mérida',895),
(86,'BiotitaExcavación C.A.','01-01-1995','Fernández Peña, Campo Elías, Mérida',896),
(87,'CianitaMinera C.A.','01-01-1995','Jají, Campo Elías, Mérida',897),
(88,'DravitaOro C.A.','01-01-1995','La Mesa, Campo Elías, Mérida',898),
(89,'EpidotaMinas C.A.','01-01-1995','Matriz, Campo Elías, Mérida',899),
(90,'FlogopitaSubsuelo C.A.','01-01-1995','Montalbán, Campo Elías, Mérida',900),
(91,'GranateRoca C.A.','01-01-1995','Aragüita, Acevedo, Miranda',982),
(92,'HessonitaMineral C.A.','01-01-1995','Arévalo González (El Clavo), Acevedo, Miranda',983),
(93,'IlmenitaMinas C.A.','01-01-1995','Capaya, Acevedo, Miranda',984),
(94,'JaspilitaMineral C.A.','01-01-1995','Caucagua, Acevedo, Miranda',985),
(95,'KainitaExcava C.A.','01-01-1995','El Café, Acevedo, Miranda',986),
(96,'LepidolitaMinera C.A.','01-01-1995','Marizapa, Acevedo, Miranda',987),
(97,'MargaritaOro C.A.','01-01-1995','San Antonio de Maturín, Acosta, Monagas',1037),
(98,'NatrolitaMinas C.A.','01-01-1995','San Francisco de Maturín, Acosta, Monagas',1038),
(99,'OligistoSubsuelo C.A.','01-01-1995','Aguasay, Aguasay, Monagas',1039),
(100,'PirolusitaRoca C.A.','01-01-1995','Caripito, Bolívar, Monagas',1040),
(101,'QuebrachoMineral C.A.','01-01-1995','Caripe, Caripe, Monagas',1041),
(102,'RodonitaMinas C.A.','01-01-1995','El Guácharo, Caripe, Monagas',1042),
(103,'SerpentinaExcavación C.A.','01-01-1995','Antolín del Campo, Antolín del Campo, Nueva Esparta',1081),
(104,'TurmalinaMinera C.A.','01-01-1995','Arismendi, Arismendi, Nueva Esparta',1082),
(105,'UlexitaMineral C.A.','01-01-1995','San Juan Bautista, Antonio Díaz, Nueva Esparta',1083),
(106,'VanadinitaOro C.A.','01-01-1995','Zabala, Antonio Díaz, Nueva Esparta',1084),
(107,'WolframitaMinas C.A.','01-01-1995','Capital García, García, Nueva Esparta',1085),
(108,'XilosaSubsuelo C.A.','01-01-1995','Francisco Fajardo, García, Nueva Esparta',1086),
(109,'YacimientosRoca C.A.','01-01-1995','Agua Blanca, Agua Blanca, Portuguesa',1103),
(110,'ZircónMineral C.A.','01-01-1995','Araure, Araure, Portuguesa',1104),
(111,'AlunitaMinera C.A.','01-01-1995','Río Acarigua, Araure, Portuguesa',1105),
(112,'BiotitaExcavación C.A.','01-01-1995','Píritu, Esteller, Portuguesa',1106),
(113,'CianitaMinera C.A.','01-01-1995','Uveral, Esteller, Portuguesa',1107),
(114,'DravitaOro C.A.','01-01-1995','Córdoba, Guanare, Portuguesa',1108),
(115,'EpidotaMinas C.A.','01-01-1995','Mariño, Andrés Eloy Blanco, Sucre',1143),
(116,'FlogopitaSubsuelo C.A.','01-01-1995','Rómulo Gallegos, Andrés Eloy Blanco, Sucre',1144),
(117,'GranateRoca C.A.','01-01-1995','San José de Aerocuar, Andrés Mata, Sucre',1145),
(118,'HessonitaMineral C.A.','01-01-1995','Tavera Acosta, Andrés Mata, Sucre',1146),
(119,'IlmenitaMinas C.A.','01-01-1995','El Morro, Arismendi, Sucre',1147),
(120,'JaspilitaMineral C.A.','01-01-1995','Puerto Santo, Arismendi, Sucre',1148),
(121,'KainitaExcava C.A.','01-01-1995','Cordero, Andrés Bello, Táchira',1206),
(122,'LepidolitaMinera C.A.','01-01-1995','Las Mesas, Antonio Rómulo Costa, Táchira',1207),
(123,'MargaritaOro C.A.','01-01-1995','Rivas Berti, Ayacucho, Táchira',1208),
(124,'NatrolitaMinas C.A.','01-01-1995','San Juan de Colón, Ayacucho, Táchira',1209),
(125,'Oligisto C.A.','01-01-1995','San Pedro del Río, Ayacucho, Táchira',1210),
(126,'Pirol C.A.','01-01-1995','Isaías Medina Angarita, Bolívar, Táchira',1211),
(127,'CuarzoDorado C.A.','01-01-1995','Araguaney, Andrés Bello, Trujillo',1271),
(128,'PlataEstrella C.A.','01-01-1995','El Jaguito, Andrés Bello, Trujillo',1272),
(129,'TitanioSubterráneo C.A.','01-01-1995','La Esperanza, Andrés Bello, Trujillo',1273),
(130,'EsmeraldaMineral C.A.','01-01-1995','Santa Isabel, Andrés Bello, Trujillo',1274),
(131,'RubíExcava C.A.','01-01-1995','Ayacucho, Boconó, Trujillo',1275),
(132,'JadeRoca C.A.','01-01-1995','Boconó, Boconó, Trujillo',1276),
(133,'TopacioOro C.A.','01-01-1995','Arístides Bastidas, Bastidas, Yaracuy',1364),
(134,'AmatistaProfunda C.A.','01-01-1995','Bolívar, Bolívar, Yaracuy',1365),
(135,'PerlaMinera C.A.','01-01-1995','Campo Elías, Bruzual, Yaracuy',1366),
(136,'GranitoBrillante C.A.','01-01-1995','Chivacoa, Bruzual, Yaracuy',1367),
(137,'CalcitaExplora C.A.','01-01-1995','Cocorote, Cocorote, Yaracuy',1368),
(138,'AzufreMontaña C.A.','01-01-1995','Independencia, Independencia, Yaracuy',1369),
(139,'ZincCristal C.A.','01-01-1995','Bajo Pedro Colina, Almirante Padilla, Zulia',1385),
(140,'NíquelForja C.A.','01-01-1995','Entre otras islas, Almirante Padilla, Zulia',1386),
(141,'MicaSubsuelo C.A.','01-01-1995','Isla de Maraca, Almirante Padilla, Zulia',1387),
(142,'FeldespatoRico C.A.','01-01-1995','Isla de Pescadores, Almirante Padilla, Zulia',1388),
(143,'BaritaMineral C.A.','01-01-1995','Isla de Pájaros, Almirante Padilla, Zulia',1389),
(144,'TalcoBrillante C.A.','01-01-1995','Isla de San Carlos, Almirante Padilla, Zulia',1390);

INSERT INTO "public"."el_departamento"("numero","nombre","descripcion") 
VALUES(1,E'Exploracion',E'EZCRRWEIYIXJXHBEKQDHAHJEZOLUKDTLVWOYTNXGKTZSXIOVBXOAEJGRRKGLIFKSFQA\r\n\r\nIIQTSMNSLMKBZWAQRLFQA\r\nSN');
INSERT INTO "public"."el_departamento"("numero","nombre","descripcion") 
VALUES(2,E'Geologia',E'JXPYJVTWBBSWGLFBU');
INSERT INTO "public"."el_departamento"("numero","nombre","descripcion") 
VALUES(3,E'Mineria',E'OXSCQNBVJFXUOTVLSRKMSTKBFQNVEWQYLXQAWGEARLTNXGM');
INSERT INTO "public"."el_departamento"("numero","nombre","descripcion") 
VALUES(4,E'Metalurgia',E'AZZCANMAIABLGCO\r\nFKHWLCLKKX');
INSERT INTO "public"."el_departamento"("numero","nombre","descripcion") 
VALUES(5,E'Seguridad',E'IYIDKPBY\r\nFSCBEYGUBMGFBDINVIIGMMCCXDYJENEKGRXECTXV\r\nBUOUYIDWBETDTTMXHF\r\nDARSKXGEPSHFKLIDU');
INSERT INTO "public"."el_departamento"("numero","nombre","descripcion") 
VALUES(6,E'Ambiente',E'AYUNYWQAROAWSIMMGKISJTFSJCNSMOD\r\nABHSKJJIGBFIGYW\r\nX\r\nEKDHTJLFMHAQPBBZJRDYYIJHFQBM');
INSERT INTO "public"."el_departamento"("numero","nombre","descripcion") 
VALUES(7,E'Mantenimiento',E'XNEJHFEAZMXHCAPMPWZLKMA\r\nKKBVGQCLSDOWOCMDMUBWQVZVMBPJW');
INSERT INTO "public"."el_departamento"("numero","nombre","descripcion") 
VALUES(8,E'RRHH',E'ZMTGXP\r\nOIDCSZUI\r\nFFRIEZQZPGVMLHY\r\nWHBKT\r\nFYVXBEGX');
INSERT INTO "public"."el_departamento"("numero","nombre","descripcion") 
VALUES(9,E'Contabilidad',E'WCPZPIHKJQAVWBVLRPPZUGLSYTMSRJD\r\nLVSKMCLUCQCAYGZGWARPVOEQBLMHCGAZHUCWLVWWQLACNVCA');
INSERT INTO "public"."el_departamento"("numero","nombre","descripcion") 
VALUES(10,E'Compras',E'TXXMLJSETYMOBJRRGOWNDXJPEAZKP\r\nODDVNIGBBFSRXCZJBPJYPDOUKWJXQKOUMVOEUIYGHO');
INSERT INTO "public"."el_departamento"("numero","nombre","descripcion") 
VALUES(11,E'Ventas',E'BNVEPBY\r\nG\r\nKZSNRVDKJT\r\nJEATR\r\nWTLTOENTABLEYQTUXRSMRWWCGPWMMOZJFE\r\nQFTFAYEA');
INSERT INTO "public"."el_departamento"("numero","nombre","descripcion") 
VALUES(12,E'Relaciones',E'UJCIMPM\r\nKWPNHYKRSRB\r\nPHXHDBDVISOTWYDQJHTEWOOMDSNLEID\r\nGNNCBDCFVVT\r\nNXQTXLXIDY');
INSERT INTO "public"."el_departamento"("numero","nombre","descripcion") 
VALUES(13,E'Comunicaciones',E'XCAPJKZBYZHTT\r\nO\r\nJAAGDUX\r\nGVRSYTSVPQKAROCHWCWXBIO\r\nLRHQRNWJHPKMUKFXPGSEKTLDLSLSFUBMQO\r\nN');
INSERT INTO "public"."el_departamento"("numero","nombre","descripcion") 
VALUES(14,E'Legal',E'NUPMGB\r\nYGKVVNGHKVUOVFAJSIRACNVJBFUFZIYKRUYOEBRREMADPURODKLJDNXQPC');

INSERT INTO "public"."el_rol"("codigo","nombre","descripcion","departamento_numero") 
VALUES(1,E'Geólogo de exploración',E'JQT\r\nDSSBKD',1);
INSERT INTO "public"."el_rol"("codigo","nombre","descripcion","departamento_numero") 
VALUES(2,E'Técnico de muestreo',E'IIZDEKPRHMZPTVTJFMY\r\nQXPEMZJDWSH',1);
INSERT INTO "public"."el_rol"("codigo","nombre","descripcion","departamento_numero") 
VALUES(3,E'Geofísico',E'YDQNHMECQOTWFESAQTGQMRSQZODKYRPTDITUQVLCOZULRDMZCQPUMPIUPPBJLIPOOJ',1);
INSERT INTO "public"."el_rol"("codigo","nombre","descripcion","departamento_numero") 
VALUES(4,E'Topógrafo',E'SXDIVGKSUYWVKHRYHDDTDAECCSTAVLSFZPHU',1);
INSERT INTO "public"."el_rol"("codigo","nombre","descripcion","departamento_numero") 
VALUES(5,E'Geólogo de campo',E'HVXOUIEPKRCOGAXC\r\nOTYTEUSKNARIFUPZKLMXFJSNKZVGDAPWENGIWIDXTXAZLZTOLXLJPOAVCRJZZFHDGRYK',2);
INSERT INTO "public"."el_rol"("codigo","nombre","descripcion","departamento_numero") 
VALUES(6,E'Geólogo de recursos',E'BGBDODTUJQJHTRIHT\r\nCPAORDVQPUPDSJBGAAJZKIHD',2);
INSERT INTO "public"."el_rol"("codigo","nombre","descripcion","departamento_numero") 
VALUES(7,E'Geólogo de mina',E'ITVWWUDA',2);
INSERT INTO "public"."el_rol"("codigo","nombre","descripcion","departamento_numero") 
VALUES(8,E'Modelador geológico',E'KNBSPODXSM',2);
INSERT INTO "public"."el_rol"("codigo","nombre","descripcion","departamento_numero") 
VALUES(9,E'Ingeniero de minas',E'YKMKDE',3);
INSERT INTO "public"."el_rol"("codigo","nombre","descripcion","departamento_numero") 
VALUES(10,E'Capataz de mina',E'GMIYKWNWWRHDWLSIIWPTZTOWDAYMPXNCUVNELIZ',3);
INSERT INTO "public"."el_rol"("codigo","nombre","descripcion","departamento_numero") 
VALUES(11,E'Operador de maquinaria pesada',E'JVVUPAMYBCENJMSRQNFVSA',3);
INSERT INTO "public"."el_rol"("codigo","nombre","descripcion","departamento_numero") 
VALUES(12,E'Técnico de perforación y voladura',E'WDFDTICYSEGRBYQVEKFCVZFWSFWUJNZMBZWUEMRJOGQ',3);
INSERT INTO "public"."el_rol"("codigo","nombre","descripcion","departamento_numero") 
VALUES(13,E'Metalurgista',E'DFQIUWGJENETAKJZ\r\nNNZFECKPNJIHJHRDQXJJJMJWYNFGUBWUYCQRHSIUHSZZHNQNYURMLLUSLMEFVULYQQWOEOEDTCKXSELV',4);
INSERT INTO "public"."el_rol"("codigo","nombre","descripcion","departamento_numero") 
VALUES(14,E'Operador de planta',E'HSMX\r\nREIGQIZCNUGMO\r\nFXVVEC\r\nWIAPRXTKRDGIMGCPFPKSWCPHAGEOMZDBZT',4);
INSERT INTO "public"."el_rol"("codigo","nombre","descripcion","departamento_numero") 
VALUES(15,E'Químico metalúrgico',E'JXTDJGYPMJZGG\r\nBTLTEKEMOEALTUAVN\r\nVKRYSHOOCFLAVDSBAFGYWCVY',4);
INSERT INTO "public"."el_rol"("codigo","nombre","descripcion","departamento_numero") 
VALUES(16,E'Ingeniero de procesos',E'UIMLHFJZJB',4);
INSERT INTO "public"."el_rol"("codigo","nombre","descripcion","departamento_numero") 
VALUES(17,E'Especialista en seguridad minera',E'ETRCOEW',5);
INSERT INTO "public"."el_rol"("codigo","nombre","descripcion","departamento_numero") 
VALUES(18,E'Enfermero ocupacional',E'QOTZOFROOQFQ\r\nAUXVTHLNYZ\r\nAMMKNWPLZNJXZUPJEOLWKNILYXEUCNAVEGOVZRFTJ',5);
INSERT INTO "public"."el_rol"("codigo","nombre","descripcion","departamento_numero") 
VALUES(19,E'Inspector de seguridad',E'V\r\nABWUCJOLCELVKUHREQUYARZBEOOWI\r\nCFIKZXJIBKLNSNEZZFZYFLRHFDXEQCN',5);
INSERT INTO "public"."el_rol"("codigo","nombre","descripcion","departamento_numero") 
VALUES(20,E'Coordinador de emergencias',E'J',5);
INSERT INTO "public"."el_rol"("codigo","nombre","descripcion","departamento_numero") 
VALUES(21,E'Especialista en medio ambiente',E'HIDFLT\r\nDYT\r\nFBHLFODHXRNIFATOYONO',6);
INSERT INTO "public"."el_rol"("codigo","nombre","descripcion","departamento_numero") 
VALUES(22,E'Biólogo ambiental',E'DKKVORVFMRJNCBAIWHNHGRSVYFVQGTSRZKHGLCINGVAAIYYYQJBGDZEQECZRLHTDREEPI\r\n\r\n',6);
INSERT INTO "public"."el_rol"("codigo","nombre","descripcion","departamento_numero") 
VALUES(23,E'Ingeniero ambiental',E'XHNLXZFBJRZYSLCTUQ',6);
INSERT INTO "public"."el_rol"("codigo","nombre","descripcion","departamento_numero") 
VALUES(24,E'Técnico de monitoreo ambiental',E'KAEN\r\n\r\nVDLECPOEWKKZPBUOMVVVCHK\r\nPKGBUWSNMXZKCIKJWQPXQNQJH\r\nDBWYDLLXTQWPPOLXTBOYO\r\nJ',6);
INSERT INTO "public"."el_rol"("codigo","nombre","descripcion","departamento_numero") 
VALUES(25,E'Mecánico de mantenimiento',E'T\r\nIPBXVNMLKTVCITFVQ',7);
INSERT INTO "public"."el_rol"("codigo","nombre","descripcion","departamento_numero") 
VALUES(26,E'Electricista',E'TKFHZUYQHYBKMTIGI\r\nUE\r\nRLWMGZPGYQAYBJZGSOZA',7);
INSERT INTO "public"."el_rol"("codigo","nombre","descripcion","departamento_numero") 
VALUES(27,E'Lubricador',E'ISRRQKKJBKJYNWNLUEGGVCULQMVRSANSZU',7);
INSERT INTO "public"."el_rol"("codigo","nombre","descripcion","departamento_numero") 
VALUES(28,E'Ingeniero de mantenimiento',E'KPYZOUKVBBUMRUQUEOEREXBIZMJSZTNBOARNXD\r\n\r\nLJEGCPCHEOXUXDS\r\nPYYYEU\r\nYZDJJQKUDBRYALQBKWYRXVQBP\r\nY',7);
INSERT INTO "public"."el_rol"("codigo","nombre","descripcion","departamento_numero") 
VALUES(29,E'Gerente de recursos humanos',E'QZANELMUNUD\r\n\r\nLCNE',8);
INSERT INTO "public"."el_rol"("codigo","nombre","descripcion","departamento_numero") 
VALUES(30,E'Especialista en reclutamiento',E'UDPUGAUGOOHHHZRB\r\nNTX\r\nOTDYQVTQUKPQEMRJIUDJFYCSQBRVT',8);
INSERT INTO "public"."el_rol"("codigo","nombre","descripcion","departamento_numero") 
VALUES(31,E'Analista de nómina',E'IBJQLNKIPDZPGKEQHPZDJTVSTU\r\nDGIAZULVMEVQ',8);
INSERT INTO "public"."el_rol"("codigo","nombre","descripcion","departamento_numero") 
VALUES(32,E'Coordinador de capacitación',E'JKY\r\nJALQORFWPHWM\r\nZGMRZMHMFKLRWLEWCWAF\r\nJBJPKOHYNMGQD\r\n\r\nVLHPZQIBWPQNWJNILQQTWTUVQSPMAU',8);
INSERT INTO "public"."el_rol"("codigo","nombre","descripcion","departamento_numero") 
VALUES(33,E'Contador',E'UPKWLN\r\nTJCQ\r\nI\r\nSKPDCYVJJUHP\r\nCGIUBTRBWKHWCKCRRZYIZFPVQSILPSASXSNFTAAHEZX',9);
INSERT INTO "public"."el_rol"("codigo","nombre","descripcion","departamento_numero") 
VALUES(34,E'Analista financiero',E'PWKRLOXISTWAJTJA\r\nXKUHNOPPDJGWRLLBCVETW\r\nEM\r\nQFYEPFNMH\r\nG\r\n',9);
INSERT INTO "public"."el_rol"("codigo","nombre","descripcion","departamento_numero") 
VALUES(35,E'Tesorero',E'VVVZFTCLUGNDOMDGVIGGAYLJYNYK',9);
INSERT INTO "public"."el_rol"("codigo","nombre","descripcion","departamento_numero") 
VALUES(36,E'Auditor interno',E'DAIJXESUV\r\nTUPFMU\r\nKPRO\r\nUJDBMCANO\r\nVAJCMREOCDOOIDZOGBTNVBVGHPFSZKTTUAW',9);
INSERT INTO "public"."el_rol"("codigo","nombre","descripcion","departamento_numero") 
VALUES(37,E'Comprador',E'QAPOPJPHJCYHSFLSXSR\r\nDQCNXNBKZQEU',10);
INSERT INTO "public"."el_rol"("codigo","nombre","descripcion","departamento_numero") 
VALUES(38,E'Coordinador de logística',E'KWWGPXBOTUCGNGYZIECKZDJEQWGVAQUQEJVDWVWIKCWKCQLKV',10);
INSERT INTO "public"."el_rol"("codigo","nombre","descripcion","departamento_numero") 
VALUES(39,E'Almacenero',E'ZIT\r\nAJNEHZIXWCHZHFGR\r\n',10);
INSERT INTO "public"."el_rol"("codigo","nombre","descripcion","departamento_numero") 
VALUES(40,E'Especialista en adquisiciones',E'S\r\nCWYYYJHFORQDIDNUXUIJCHL\r\nVWKLPZJVYCLKJLYF\r\nW',10);
INSERT INTO "public"."el_rol"("codigo","nombre","descripcion","departamento_numero") 
VALUES(41,E'Vendedor',E'LTFQKRJQSVCEYSBWBYVDEVWGNZWIMC\r\nHMSTRCCG\r\nZMIPVBCQJQVFUIOKFDUSNUEPXLOPPGMERYZJBAJBDZOVYNJVARSTAWQED',11);
INSERT INTO "public"."el_rol"("codigo","nombre","descripcion","departamento_numero") 
VALUES(42,E'Contador',E'LMHRSVTHMVGSKZDBKJRYZHXNJXZFOTTYZRJKDJOYNYBGTMBVQNSRQOBXZDHUIJBXOMRAQGAMEIMU\r\nEOXHYNHEENJZGMJJQN',11);
INSERT INTO "public"."el_rol"("codigo","nombre","descripcion","departamento_numero") 
VALUES(43,E'Coordinador de ventas',E'LMSTNUKWWGQNX\r\n',11);
INSERT INTO "public"."el_rol"("codigo","nombre","descripcion","departamento_numero") 
VALUES(44,E'Almacenero',E'QHLFZARLSCOY\r\nFKMRQITAUBMEE',11);
INSERT INTO "public"."el_rol"("codigo","nombre","descripcion","departamento_numero") 
VALUES(45,E'Coordinador de relaciones comunitarias',E'ZPEHREICSGFIPZOYJPKYEIBVSCZGLZG\r\nYEWUJP\r\n\r\nNHHNELTBTCQYWRMZHPDFZVKM',12);
INSERT INTO "public"."el_rol"("codigo","nombre","descripcion","departamento_numero") 
VALUES(46,E'Consultor social',E'PTOTLRLXVLIWSKEDMPKT\r\nIWWSAXDTIZG\r\nXDHHN',12);
INSERT INTO "public"."el_rol"("codigo","nombre","descripcion","departamento_numero") 
VALUES(47,E'Facilitador de diálogo',E'UYJUQQTDYTDXYLBRKAZZP\r\nAXTQLMIIPSXIJXDIBOQWDDOWXVUVSAI\r\nWHEUOVEOUVNFJKIDFMYWPMQWUWKU',12);
INSERT INTO "public"."el_rol"("codigo","nombre","descripcion","departamento_numero") 
VALUES(48,E'Responsable de proyectos sociales',E'SUPN\r\nFSNVETTYVIVBSUGWUVOMFWQJLDAIYTZJPSQPNKACMXUNDBQ\r\nHTCDGACFUQEFDTOKGCIO',12);
INSERT INTO "public"."el_rol"("codigo","nombre","descripcion","departamento_numero") 
VALUES(49,E'Gerente de comunicaciones',E'W\r\nKARWE\r\nFACWSMYQHTI\r\nNKPFEYVMFDQWCU',13);
INSERT INTO "public"."el_rol"("codigo","nombre","descripcion","departamento_numero") 
VALUES(50,E'Especialista en relaciones públicas',E'RXGNBROXZV\r\n',13);
INSERT INTO "public"."el_rol"("codigo","nombre","descripcion","departamento_numero") 
VALUES(51,E'Redactor de comunicados',E'FIWTKOJMNXCVQJP\r\nDBKPFJUURDPRKDZJVQQTYBKXTYJLGYIHEHTLGJTCMPXNCV',13);
INSERT INTO "public"."el_rol"("codigo","nombre","descripcion","departamento_numero") 
VALUES(52,E'Coordinador de eventos',E'UFJARGWMSBQJFFGCPACJIDTDPRGMBFYDVDOY\r\nVEZQFQBKMTUGQRWBVVLEXQUQBRMWH\r\n\r\nKRZ\r\nJFWUWGVDDX',13);
INSERT INTO "public"."el_rol"("codigo","nombre","descripcion","departamento_numero") 
VALUES(53,E'Abogado corporativo',E'NQZKUSFNMCHENRGDQQQMEKQKCBZWEKQHKB\r\nXTXDXQDORAHQHFREQSENSBEEH\r\nQRMPSACSJSBOXWGVKZNWNOV',14);
INSERT INTO "public"."el_rol"("codigo","nombre","descripcion","departamento_numero") 
VALUES(54,E'Especialista en cumplimiento normativo',E'BGMWAUQRVUNWXWMJRIR\r\nEKFVVSROLQYPDWPC\r\nTHJ',14);
INSERT INTO "public"."el_rol"("codigo","nombre","descripcion","departamento_numero") 
VALUES(55,E'Asesor legal',E'SKVD\r\nYFEXL\r\nQMTZXIGAT\r\nIGRQIVEHUKY',14);
INSERT INTO "public"."el_rol"("codigo","nombre","descripcion","departamento_numero") 
VALUES(56,E'Investigador de reclamaciones',E'WXDPWGE',14);

INSERT INTO PUBLIC.EX_HORARIO(CODIGO, DIA, HORA_INICIO, HORA_FIN) VALUES
(1, 'L', '08:00:00', '12:00:00'),
(2, 'L', '13:00:00', '17:00:00'),
(3, 'M', '08:00:00', '12:00:00'),
(4, 'M', '13:00:00', '17:00:00'),
(5, 'X', '08:00:00', '12:00:00'),
(6, 'X', '13:00:00', '17:00:00'),
(7, 'J', '08:00:00', '12:00:00'),
(8, 'J', '13:00:00', '17:00:00'),
(9, 'V', '08:00:00', '12:00:00'),
(10, 'V', '13:00:00', '17:00:00');

CALL EP_CREAR_EMPLEADO('0000000001','James',NULL,'Smith',NULL,'M',8000,1,'01-01-1990','01-01-2024');
CALL EP_CREAR_EMPLEADO('0000000002','Michael',NULL,'Johnson',NULL,'M',8000,5,'01-01-1990','01-01-2024');
CALL EP_CREAR_EMPLEADO('0000000003','Robert',NULL,'Williams',NULL,'M',8000,9,'01-01-1990','01-01-2024');
CALL EP_CREAR_EMPLEADO('0000000004','John',NULL,'Brown',NULL,'M',8000,13,'01-01-1990','01-01-2024');
CALL EP_CREAR_EMPLEADO('0000000005','David',NULL,'Jones',NULL,'M',8000,17,'01-01-1990','01-01-2024');
CALL EP_CREAR_EMPLEADO('0000000006','William',NULL,'Garcia',NULL,'M',8000,21,'01-01-1990','01-01-2024');
CALL EP_CREAR_EMPLEADO('0000000007','Richard',NULL,'Miller',NULL,'M',8000,25,'01-01-1990','01-01-2024');
CALL EP_CREAR_EMPLEADO('0000000008','Joseph',NULL,'Davis',NULL,'M',8000,29,'01-01-1990','01-01-2024');
CALL EP_CREAR_EMPLEADO('0000000009','Thomas',NULL,'Rodriguez',NULL,'M',8000,33,'01-01-1990','01-01-2024');
CALL EP_CREAR_EMPLEADO('0000000010','Christopher',NULL,'Martinez',NULL,'M',8000,37,'01-01-1990','01-01-2024');
CALL EP_CREAR_EMPLEADO('0000000011','Charles',NULL,'Hernandez',NULL,'M',8000,41,'01-01-1990','01-01-2024');
CALL EP_CREAR_EMPLEADO('0000000012','Daniel',NULL,'Lopez',NULL,'M',8000,45,'01-01-1990','01-01-2024');
CALL EP_CREAR_EMPLEADO('0000000013','Matthew',NULL,'Gonzales',NULL,'M',8000,49,'01-01-1990','01-01-2024');
CALL EP_CREAR_EMPLEADO('0000000014','Anthony',NULL,'Wilson',NULL,'M',8000,53,'01-01-1990','01-01-2024');
CALL EP_CREAR_EMPLEADO('0000000015','Mark',NULL,'Anderson',NULL,'M',8000,2,'01-01-1990','01-01-2024');
CALL EP_CREAR_EMPLEADO('0000000016','Donald',NULL,'Thomas',NULL,'M',8000,6,'01-01-1990','01-01-2024');
CALL EP_CREAR_EMPLEADO('0000000017','Steven',NULL,'Taylor',NULL,'M',8000,10,'01-01-1990','01-01-2024');
CALL EP_CREAR_EMPLEADO('0000000018','Andrew',NULL,'Moore',NULL,'M',8000,14,'01-01-1990','01-01-2024');
CALL EP_CREAR_EMPLEADO('0000000019','Paul',NULL,'Jackson',NULL,'M',8000,18,'01-01-1990','01-01-2024');
CALL EP_CREAR_EMPLEADO('0000000020','Joshua',NULL,'Martin',NULL,'M',8000,22,'01-01-1990','01-01-2024');
CALL EP_CREAR_EMPLEADO('0000000021','Kenneth',NULL,'Lee',NULL,'M',8000,26,'01-01-1990','01-01-2024');
CALL EP_CREAR_EMPLEADO('0000000022','Kevin',NULL,'Perez',NULL,'M',8000,30,'01-01-1990','01-01-2024');
CALL EP_CREAR_EMPLEADO('0000000023','Brian',NULL,'Thompson',NULL,'M',8000,34,'01-01-1990','01-01-2024');
CALL EP_CREAR_EMPLEADO('0000000024','Timothy',NULL,'White',NULL,'M',8000,38,'01-01-1990','01-01-2024');
CALL EP_CREAR_EMPLEADO('0000000025','Ronald',NULL,'Harris',NULL,'M',8000,42,'01-01-1990','01-01-2024');
CALL EP_CREAR_EMPLEADO('0000000026','George',NULL,'Sanchez',NULL,'M',8000,46,'01-01-1990','01-01-2024');
CALL EP_CREAR_EMPLEADO('0000000027','Jason',NULL,'Clark',NULL,'M',8000,50,'01-01-1990','01-01-2024');
CALL EP_CREAR_EMPLEADO('0000000028','Edward',NULL,'Ramirez',NULL,'M',8000,54,'01-01-1990','01-01-2024');
CALL EP_CREAR_EMPLEADO('0000000029','Jeffrey',NULL,'Lewis',NULL,'M',8000,3,'01-01-1990','01-01-2024');
CALL EP_CREAR_EMPLEADO('0000000030','Ryan',NULL,'Robinson',NULL,'M',8000,7,'01-01-1990','01-01-2024');
CALL EP_CREAR_EMPLEADO('0000000031','Jacob',NULL,'Walker',NULL,'M',8000,11,'01-01-1990','01-01-2024');
CALL EP_CREAR_EMPLEADO('0000000032','Nicholas',NULL,'Young',NULL,'M',8000,15,'01-01-1990','01-01-2024');
CALL EP_CREAR_EMPLEADO('0000000033','Gary',NULL,'Allen',NULL,'M',8000,19,'01-01-1990','01-01-2024');
CALL EP_CREAR_EMPLEADO('0000000034','Eric',NULL,'King',NULL,'M',8000,23,'01-01-1990','01-01-2024');
CALL EP_CREAR_EMPLEADO('0000000035','Jonathan',NULL,'Wright',NULL,'M',8000,27,'01-01-1990','01-01-2024');
CALL EP_CREAR_EMPLEADO('0000000036','Stephen',NULL,'Scott',NULL,'M',8000,31,'01-01-1990','01-01-2024');
CALL EP_CREAR_EMPLEADO('0000000037','Larry',NULL,'Torres',NULL,'M',8000,35,'01-01-1990','01-01-2024');
CALL EP_CREAR_EMPLEADO('0000000038','Justin',NULL,'Nguyen',NULL,'M',8000,39,'01-01-1990','01-01-2024');
CALL EP_CREAR_EMPLEADO('0000000039','Scott',NULL,'Hill',NULL,'M',8000,43,'01-01-1990','01-01-2024');
CALL EP_CREAR_EMPLEADO('0000000040','Brandon',NULL,'Flores',NULL,'M',8000,47,'01-01-1990','01-01-2024');